year,company ,region,sector ,re100,sbti,cn,nz,cc,,,
2021,3M,North America,Chemicals,1,,1,,,,,
2021,ABB,Europe,Industrial goods,1,1,1,,,,,
2021,Abbott Laboratories,North America,Health care and pharmaceuticals,,,,,,,,
2021,AbbVie,North America,Health care and pharmaceuticals,,,,,,,,
2021,Accenture,Other,Financial services,1,1,,1,,,,
2021,Achmea,Europe,Financial services,,,1,,,,,
2021,ACS,Europe,Engineering and construction,,,,,,,,
2021,Aegon,Europe,Financial services,,,1,,,,,
2021,AEON,Asia,"Food, beverages and agriculture",1,1,,1,,,,
2021,Agricultural Bank of China,Asia,Financial services,,,,,,,,
2021,AIA Group,Asia,Financial services,,,,,,,,
2021,Airbus,Europe,Aerospace and defense,,,,,,,,
2021,Aisin,Asia,Automotive,,,1,1,,,,
2021,Albertsons,North America,"Food, beverages and agriculture",,,,,,,,
2021,Alfresa Holdings,Asia,Health care and pharmaceuticals,,,,,,,,
2021,Alibaba Group Holding,Asia,Technology,,,,,,,,
2021,Alimentation Couche-Tard,North America,Retail,,,,,,,,
2021,Allianz,Europe,Financial services,1,,1,1,,,,
2021,Allstate,North America,Financial services,,,,,,,,
2021,Alphabet,North America,Technology,1,,1,,,,,
2021,Aluminum Corp. of China,Asia,Metals and mining,,,,,,,,
2021,Amazon,North America,Retail,,,,1,,,,
2021,Amer International Group,Asia,Industrial goods,,,,,,,,
2021,América Móvil,North America,Retail,,1,1,,,,,
2021,American Express,North America,Financial services,1,,1,,,,,
2021,American International Group,North America,Financial services,,,,1,,,,
2021,AmerisourceBergen,North America,Health care and pharmaceuticals,,,,,,,,
2021,Amgen,North America,Health care and pharmaceuticals,,,1,,,,,
2021,Anglo American,Other,Industrial goods,,,1,,,,,
2021,Anheuser-Busch InBev,Other,"Food, beverages and agriculture",1,1,,,,,,
2021,Anhui Conch Group,Asia,Industrial goods,,,,,,,,
2021,Ansteel Group,Asia,Industrial goods,,,,,,,,
2021,Anthem,North America,Health care and pharmaceuticals,1,,,,,,,
2021,Apple,North America,Technology,1,1,1,1,,,,
2021,ArcelorMittal,Other,Industrial goods,,,1,,,,,
2021,Archer Daniels Midland,North America,"Food, beverages and agriculture",,,,,,,,
2021,Arrow Electronics,North America,Technology,,,,,,,,
2021,Assicurazioni Generali,Europe,Financial services,,,1,1,,,,
2021,AstraZeneca,Europe,Health care and pharmaceuticals,1,,,1,,,,
2021,AT&T,North America,Telecommunications and media,,1,1,,,,,
2021,Aviation Industry Corp. of China,Asia,Aerospace and defense,,,,,,,,
2021,Aviva,Europe,Financial services,1,,1,1,,,,
2021,AXA,Europe,Financial services,1,,1,1,,,,
2021,BAE Systems,Europe,Aerospace and defense,,,,1,,,,
2021,Banco Bilbao Vizcaya Argentaria,Europe,Financial services,1,,1,1,,,,
2021,Banco Bradesco,Other,Financial services,,,1,1,,,,
2021,Banco do Brasil,Other,Financial services,,,1,,,,,
2021,Banco Santander,Europe,Financial services,,,1,1,,,,
2021,Bank of America,North America,Financial services,1,,1,1,,,,
2021,Bank of China,Asia,Financial services,,,,,,,,
2021,Bank of Communications,Asia,Financial services,,,,,,,,
2021,Bank of Montreal,North America,Financial services,,,1,1,,,,
2021,Bank of Nova Scotia,North America,Financial services,,,,,,,,
2021,Barclays,Europe,Financial services,1,,,1,,,,
2021,BASF,Europe,Chemicals,,,1,,,,,
2021,Bayer,Europe,Health care and pharmaceuticals,,1,1,1,,,,
2021,Beijing Automotive Group,Asia,Automotive,,,,,,,,
2021,Beijing Jianlong Heavy Industry Group,Asia,Industrial goods,,,,,,,,
2021,Berkshire Hathaway,North America,Financial services,,,,,,,,
2021,Best Buy,North America,Retail,,1,1,,,,,
2021,Bharat Petroleum,Asia,Oil and gas,,,,,,,,
2021,BHP Group,Other,Industrial goods,,,,1,,,,
2021,BMW Group,Europe,Automotive,1,1,1,,,,,
2021,BNP Paribas,Europe,Financial services,,,1,1,,,,
2021,Boehringer Ingelheim,Europe,Health care and pharmaceuticals,,,,,,,,
2021,Boeing,North America,Aerospace and defense,,,,1,,,,
2021,Bosch Group,Europe,Automotive,,,1,,,,,
2021,Bouygues,Europe,Engineering and construction,,,,,,,,
2021,BP,Europe,Oil and gas,,,,1,,,,
2021,Bridgestone,Asia,Automotive,,,1,,,,,
2021,Bristol-Myers Squibb,North America,Health care and pharmaceuticals,,,1,,,,,
2021,British American Tobacco,Europe,"Food, beverages and agriculture",,1,1,,,,,
2021,Brookfield Asset Management,North America,Financial services,,,,1,,,,
2021,BT Group,Europe,Telecommunications and media,1,1,,1,,,,
2021,Bunge,North America,"Food, beverages and agriculture",,,,,,,,
2021,Canon,Asia,Technology,,,,1,,,,
2021,Capital One Financial,North America,Financial services,1,,,,,,,
2021,Cardinal Health,North America,Health care and pharmaceuticals,,,,,,,,
2021,Carrefour,Europe,"Food, beverages and agriculture",,1,,,,,,
2021,Caterpillar,North America,Industrial goods,,,,,,,,
2021,Cathay Financial Holding,Asia,Financial services,,,,,,,,
2021,Cedar Holdings Group,Asia,Financial services,,,,,,,,
2021,Centene,North America,Health care and pharmaceuticals,,,,,,,,
2021,Centrica,Europe,Energy and utilities,,,,1,,,,
2021,Charter Communications,North America,Telecommunications and media,,,1,,,,,
2021,ChemChina,Asia,Chemicals,,,,,,,,
2021,Chevron,North America,Oil and gas,,,,,,,,
2021,China Aerospace Science & Industry,Asia,Aerospace and defense,,,,,,,,
2021,China Aerospace Science & Technology,Asia,Aerospace and defense,,,,,,,,
2021,China Baowu Steel Group,Asia,Industrial goods,,,1,,,,,
2021,China Communications Construction,Asia,Engineering and construction,,,,,,,,
2021,China Construction Bank,Asia,Financial services,,,,,,,,
2021,China COSCO Shipping,Asia,Transportation and logistics,,,,,,,,
2021,China Datang,Asia,Energy and utilities,,,1,,,,,
2021,China Electronics,Asia,Technology,,,,,,,,
2021,China Electronics Technology Group,Asia,Aerospace and defense,,,,,,,,
2021,China Energy Engineering Group,Asia,Engineering and construction,,,,,,,,
2021,China Energy Investment,Asia,Oil and gas,,,,,,,,
2021,China Everbright Group,Asia,Financial services,,,,,,,,
2021,China Evergrande Group,Asia,Real estate,,,,,,,,
2021,China FAW Group,Asia,Automotive,,,,,,,,
2021,China General Technology,Asia,Engineering and construction,,,,,,,,
2021,China Huadian,Asia,Energy and utilities,,,,,,,,
2021,China Huaneng Group,Asia,Energy and utilities,,,,,,,,
2021,China Life Insurance,Asia,Financial services,,,,,,,,
2021,China Merchants Bank,Asia,Financial services,,,,,,,,
2021,China Merchants Group,Asia,Transportation and logistics,,,,,,,,
2021,China Minmetals,Asia,Industrial goods,,,,,,,,
2021,China Minsheng Banking,Asia,Financial services,,,,,,,,
2021,China Mobile Communications,Asia,Telecommunications and media,,,1,,,,,
2021,China National Building Material Group,Asia,Industrial goods,,,,,,,,
2021,China National Coal Group,Asia,Oil and gas,,,,,,,,
2021,China National Nuclear,Asia,Energy and utilities,,,,,,,,
2021,China National Offshore Oil,Asia,Oil and gas,,,,,,,,
2021,China National Petroleum,Asia,Oil and gas,,,,1,,,,
2021,China North Industries Group,Asia,Aerospace and defense,,,,,,,,
2021,China Pacific Insurance (Group),Asia,Financial services,,,,,,,,
2021,China Poly Group,Asia,Real estate,,,,,,,,
2021,China Post Group,Asia,Transportation and logistics,,,,,,,,
2021,China Railway Construction,Asia,Engineering and construction,,,,,,,,
2021,China Railway Engineering Group,Asia,Engineering and construction,,,,,,,,
2021,China Reinsurance (Group),Asia,Financial services,,,,,,,,
2021,China Resources,Asia,Health care and pharmaceuticals,,,,,,,,
2021,China Resources Land,Asia,Real estate,,,,,,,,
2021,China South Industries Group,Asia,Aerospace and defense,,,,,,,,
2021,China Southern Power Grid,Asia,Energy and utilities,,,,,,,,
2021,China State Construction Engineering,Asia,Engineering and construction,,,,,,,,
2021,China State Shipbuilding,Asia,Transportation and logistics,,,,,,,,
2021,China Taiping Insurance Group,Asia,Financial services,,,,,,,,
2021,China Telecommunications,Asia,Telecommunications and media,,,,,,,,
2021,China United Network Communications,Asia,Telecommunications and media,,,,,,,,
2021,China Vanke,Asia,Real estate,,,,,,,,
2021,Christian Dior,Europe,Retail,,,,,,,,
2021,CHS,North America,"Food, beverages and agriculture",,,,,,,,
2021,Chubb,Europe,Financial services,,,,,,,,
2021,Chubu Electric Power,Asia,Energy and utilities,,,,1,,,,
2021,Cigna,North America,Health care and pharmaceuticals,,,1,,,,,
2021,Cisco Systems,North America,Technology,,1,,,,,,
2021,CITIC Group,Asia,Financial services,,,1,,,,,
2021,Citigroup,North America,Financial services,1,,1,1,,,,
2021,CJ Corp.,Asia,Retail,,,,,,,,
2021,CK Hutchison Holdings,Asia,Retail,,,,1,,,,
2021,CMA CGM,Europe,Transportation and logistics,,,1,,,,,
2021,Coca-Cola,North America,"Food, beverages and agriculture",,1,,1,,,,
2021,COFCO,Asia,Financial services,,,,,,,,
2021,Coles Group,Other,"Food, beverages and agriculture",,,,1,,,,
2021,Comcast,North America,Telecommunications and media,,,1,,,,,
2021,Commonwealth Bank of Australia,Other,Financial services,1,,,,,,,
2021,Compal Electronics,Asia,Technology,,,,,,,,
2021,Compass Group,Europe,"Food, beverages and agriculture",,,,,,,,
2021,Continental,Europe,Automotive,1,1,1,,,,,
2021,Coop Group,Europe,"Food, beverages and agriculture",,,1,,,,,
2021,Costco Wholesale,North America,Retail,,,,,,,,
2021,Country Garden Holdings,Asia,Real estate,,,1,,,,,
2021,Crédit Agricole,Europe,Financial services,1,,,1,,,,
2021,Credit Suisse Group,Europe,Financial services,1,,1,1,,,,
2021,CRH,Other,Industrial goods,,,1,,,,,
2021,CRRC Group,Asia,Industrial goods,,,,,,,,
2021,CVS Health,North America,Health care and pharmaceuticals,,1,,,,,,
2021,Dai-ichi Life Holdings,Asia,Financial services,,,,1,,,,
2021,Daimler,Europe,Automotive,,,1,,,,,
2021,Daiwa House Industry,Asia,Real estate,1,1,,1,,,,
2021,Danone,Europe,"Food, beverages and agriculture",1,1,1,,,,,
2021,Deere,North America,Industrial goods,,,,,,,,
2021,Dell Technologies,North America,Technology,1,1,,1,,,,
2021,Denso,Asia,Automotive,,,1,,,,,
2021,Deutsche Bahn,Europe,Transportation and logistics,,1,1,,,,,
2021,Deutsche Bank,Europe,Financial services,,,1,1,,,,
2021,Deutsche Post DHL Group,Europe,Transportation and logistics,,,,1,,,,
2021,Deutsche Telekom,Europe,Telecommunications and media,1,1,1,1,,,,
2021,Dollar General,North America,Retail,,,,,,,,
2021,Dollar Tree,North America,Retail,,,,,,,,
2021,Dongfeng Motor,Asia,Automotive,,,,,,,,
2021,Dow,North America,Chemicals,,,1,,,,,
2021,DZ Bank,Europe,Financial services,,,,,,,,
2021,E.ON,Europe,Energy and utilities,,,1,,,,,
2021,Edeka Zentrale,Europe,"Food, beverages and agriculture",,,,,,,,
2021,Electricité de France,Europe,Energy and utilities,,1,1,,,,,
2021,Eli Lilly,North America,Health care and pharmaceuticals,,,1,,,,,
2021,ELO Group,Europe,"Food, beverages and agriculture",,,,,,,,
2021,Enbridge,North America,Oil and gas,,,,1,,,,
2021,Enel,Europe,Energy and utilities,,1,,1,,,,
2021,ENEOS Holdings,Asia,Oil and gas,,,1,,,,,
2021,Energy Transfer,North America,Oil and gas,,,,,,,,
2021,Engie,Europe,Energy and utilities,,1,,1,,,,
2021,ENI,Europe,Oil and gas,,,1,1,,,,
2021,Enterprise Products Partners,North America,Oil and gas,,,,,,,,
2021,Equinor,Europe,Oil and gas,,,1,1,,,,
2021,Ericsson,Europe,Telecommunications and media,,1,1,,,,,
2021,Exelon,North America,Energy and utilities,,,,1,,,,
2021,EXOR Group,Europe,Financial services,,,,,,,,
2021,Exxon Mobil,North America,Oil and gas,,,,,,,,
2021,Facebook,North America,Technology,1,,,1,,,,
2021,Fannie Mae,North America,Financial services,,,,,,,,
2021,FedEx,North America,Transportation and logistics,,,1,,,,,
2021,Financière de l'Odet,Europe,Telecommunications and media,,,1,,,,,
2021,Finatis,Europe,"Food, beverages and agriculture",,,,,,,,
2021,Flex,Asia,Technology,,1,,,,,,
2021,Ford Motor,North America,Automotive,,1,1,,,,,
2021,Fortum,Europe,Energy and utilities,,,1,,,,,
2021,Freddie Mac,North America,Financial services,,,,,,,,
2021,Fresenius,Europe,Health care and pharmaceuticals,,,,,,,,
2021,Fubon Financial Holding,Asia,Financial services,,,,,,,,
2021,Fujitsu,Asia,Technology,1,1,,1,,,,
2021,Gazprom,Europe,Energy and utilities,,,,,,,,
2021,General Dynamics,North America,Aerospace and defense,,,,,,,,
2021,General Electric,North America,Industrial goods,,,1,1,,,,
2021,General Motors,North America,Automotive,1,1,1,,,,,
2021,George Weston,North America,"Food, beverages and agriculture",,,,,,,,
2021,Gilead Sciences,North America,Health care and pharmaceuticals,,1,,,,,,
2021,GlaxoSmithKline,Europe,Health care and pharmaceuticals,1,1,,1,,,,
2021,Glencore,Europe,Industrial goods,,,,1,,,,
2021,Goldman Sachs Group,North America,Financial services,1,,1,1,,,,
2021,Gree Electric Appliances,Asia,Technology,,,,,,,,
2021,Greenland Holding Group,Asia,Real estate,,,,,,,,
2021,Groupe BPCE,Europe,Financial services,,,,1,,,,
2021,Guangxi Investment Group,Asia,Financial services,,,,,,,,
2021,Guangzhou Automobile Industry Group,Asia,Automotive,,,,,,,,
2021,Guangzhou Municipal Construction Group,Asia,Engineering and construction,,,,,,,,
2021,Guangzhou Pharmaceutical Holdings,Asia,Health care and pharmaceuticals,,,,,,,,
2021,Haier Smart Home,Asia,Technology,,,,,,,,
2021,Hailiang Group,Asia,Financial services,,,,,,,,
2021,Hanwha,Asia,Financial services,,,,,,,,
2021,HBIS Group,Asia,Industrial goods,,,1,,,,,
2021,HCA Healthcare,North America,Health care and pharmaceuticals,,,,,,,,
2021,Hengli Group,Asia,Retail,,,,,,,,
2021,Heraeus Holding,Europe,Industrial goods,,,,,,,,
2021,Hewlett Packard Enterprise,North America,Technology,1,1,,1,,,,
2021,Hitachi,Asia,Technology,,1,1,,,,,
2021,Holcim,Europe,Industrial goods,,,,1,,,,
2021,Home Depot,North America,Retail,,,,,,,,
2021,Hon Hai Precision Industry,Asia,Technology,,,,1,,,,
2021,Honda Motor,Asia,Automotive,,,1,,,,,
2021,Honeywell International,North America,Technology,,,1,,,,,
2021,HP,North America,Technology,1,1,1,1,,,,
2021,HSBC Holdings,Europe,Financial services,1,,,1,,,,
2021,Huawei Investment & Holding,Asia,Technology,,,,,,,,
2021,Huayang New Material Technology Group,Asia,Industrial goods,,,,,,,,
2021,Humana,North America,Health care and pharmaceuticals,,,,,,,,
2021,Hyundai Mobis,Asia,Automotive,,,,,,,,
2021,Hyundai Motor,Asia,Automotive,1,,1,,,,,
2021,Iberdrola,Europe,Energy and utilities,,1,1,,,,,
2021,Idemitsu Kosan,Asia,Oil and gas,,,1,,,,,
2021,Indian Oil,Asia,Oil and gas,,,,,,,,
2021,Industrial & Commercial Bank of China,Asia,Financial services,,,,,,,,
2021,Industrial Bank,Asia,Financial services,,,,,,,,
2021,ING Group,Europe,Financial services,1,,1,,,,,
2021,Ingka Group,Europe,Retail,1,1,,1,,,,
2021,Intel,North America,Technology,1,,1,,,,,
2021,International Business Machines,North America,Technology,,,,1,,,,
2021,Intesa Sanpaolo,Europe,Financial services,,,,,,,,
2021,Itaú Unibanco Holding,Other,Financial services,,,,,,,,
2021,Itochu,Asia,Financial services,,,1,1,,,,
2021,J. Sainsbury,Europe,"Food, beverages and agriculture",,1,,1,,,,
2021,Jabil,North America,Technology,,,,,,,,
2021,Japan Post Holdings,Asia,Financial services,,,1,,,,,
2021,Jardine Matheson,North America,Automotive,,,,,,,,
2021,JBS,Other,"Food, beverages and agriculture",,,,1,,,,
2021,JD.com,Asia,Technology,,,,,,,,
2021,JFE Holdings,Asia,Industrial goods,,,,,,,,
2021,Jiangsu Shagang Group,Asia,Industrial goods,,,,,,,,
2021,Jiangxi Copper,Asia,Industrial goods,,,,,,,,
2021,Jinchuan Group,Asia,Industrial goods,,,,,,,,
2021,Jingye Group,Asia,Industrial goods,,,,,,,,
2021,Jinneng Holding Group,Asia,Oil and gas,,,,,,,,
2021,Johnson & Johnson,North America,Health care and pharmaceuticals,1,1,1,1,,,,
2021,JPMorgan Chase,North America,Financial services,1,,1,,,,,
2021,Kansai Electric Power,Asia,Energy and utilities,,,,,,,,
2021,KB Financial Group,Asia,Financial services,,,,1,,,,
2021,KDDI,Asia,Telecommunications and media,,,,1,,,,
2021,Kia,Asia,Automotive,,,,,,,,
2021,Koç Holding,Other,Energy and utilities,,,1,,,,,
2021,Korea Electric Power,Asia,Energy and utilities,,,,,,,,
2021,Kraft Heinz,North America,"Food, beverages and agriculture",,,,,,,,
2021,Kroger,North America,"Food, beverages and agriculture",,,,,,,,
2021,La Poste,Europe,Transportation and logistics,1,1,1,,,,,
2021,Legal & General Group,Europe,Financial services,,,,1,,,,
2021,Lenovo Group,Asia,Technology,,1,,,,,,
2021,LG Chem,Asia,Chemicals,,,,,,,,
2021,LG Electronics,Asia,Technology,,,1,,,,,
2021,Liberty Mutual Insurance Group,North America,Financial services,,,,,,,,
2021,Linde,Europe,Chemicals,,,,,,,,
2021,Lloyds Banking Group,Europe,Financial services,1,,,1,,,,
2021,Lockheed Martin,North America,Aerospace and defense,,,,,,,,
2021,Longfor Group Holdings,Asia,Real estate,,,,,,,,
2021,L'Oréal,Europe,Household and personal products,,1,1,1,,,,
2021,Louis Dreyfus,Europe,"Food, beverages and agriculture",,,,,,,,
2021,Lowe's,North America,Retail,,,,,,,,
2021,Lukoil,Europe,Oil and gas,,,,,,,,
2021,LyondellBasell Industries,Europe,Chemicals,,,,,,,,
2021,Maersk Group,Europe,Transportation and logistics,,,1,1,,,,
2021,Magna International,North America,Automotive,,,1,,,,,
2021,Manulife Financial,North America,Financial services,,,,1,,,,
2021,Mapfre Group,Europe,Financial services,,,1,,,,,
2021,Marathon Petroleum,North America,Oil and gas,,,,,,,,
2021,Marubeni,Asia,Financial services,,,,1,,,,
2021,Mazda Motor,Asia,Automotive,,,,,,,,
2021,McKesson,North America,Health care and pharmaceuticals,,,,,,,,
2021,Medipal Holdings,Asia,Health care and pharmaceuticals,,,,,,,,
2021,Medtronic,North America,Health care and pharmaceuticals,,,1,,,,,
2021,Meiji Yasuda Life Insurance,Asia,Financial services,,,,1,,,,
2021,Merck,North America,Health care and pharmaceuticals,,,1,,,,,
2021,MetLife,North America,Financial services,,,1,,,,,
2021,Metro,Europe,"Food, beverages and agriculture",,1,1,,,,,
2021,Microsoft,North America,Technology,1,1,1,1,,,,
2021,Midea Group,Asia,Technology,,,,,,,,
2021,Migros Group,Europe,Retail,,,,,,,,
2021,Mitsubishi,Asia,Financial services,,,,,,,,
2021,Mitsubishi Chemical Holdings,Asia,Chemicals,,,,,,,,
2021,Mitsubishi Electric,Asia,Technology,,1,,1,,,,
2021,Mitsubishi Heavy Industries,Asia,Industrial goods,,,,,,,,
2021,Mitsubishi UFJ Financial Group,Asia,Financial services,,,1,1,,,,
2021,Mitsui,Asia,Industrial goods,,,1,1,,,,
2021,Mizuho Financial Group,Asia,"Food, beverages and agriculture",,,1,,,,,
2021,Mondelez International,North America,Financial services,,1,,,,,,
2021,Morgan Stanley,North America,Financial services,1,,1,1,,,,
2021,MS&AD Insurance Group Holdings,Asia,Financial services,,,,1,,,,
2021,Munich Re Group,Europe,Financial services,,,1,1,,,,
2021,Nationwide,North America,Technology,,,,,,,,
2021,NEC,Asia,"Food, beverages and agriculture",1,1,1,,,,,
2021,Nestlé,Europe,Telecommunications and media,1,1,,1,,,,
2021,Netflix,North America,Financial services,,1,,1,,,,
2021,New China Life Insurance,Asia,"Food, beverages and agriculture",,,,,,,,
2021,New Hope Holding Group,Asia,Financial services,,,,,,,,
2021,New York Life Insurance,North America,Retail,,,,,,,,
2021,Nike,North America,Financial services,1,1,,,,,,
2021,Nippon Life Insurance,Asia,Industrial goods,,,1,,,,,
2021,Nippon Steel Corporation,Asia,Telecommunications and media,,,1,,,,,
2021,Nippon Telegraph and Telephone,Asia,Automotive,,,,,,,,
2021,Nissan Motor,Asia,Technology,,1,1,,,,,
2021,Nokia,Europe,Aerospace and defense,,1,,,,,,
2021,Northrop Grumman,North America,Financial services,,,,,,,,
2021,Northwestern Mutual,North America,Health care and pharmaceuticals,,,,,,,,
2021,Novartis,Europe,Oil and gas,1,1,1,1,,,,
2021,Oil & Natural Gas,Asia,"Food, beverages and agriculture",,,,,,,,
2021,Olam International,Asia,Technology,,1,,,,,,
2021,Oracle,North America,Telecommunications and media,,,,,,,,
2021,Orange,Europe,Engineering and construction,,1,,1,,,,
2021,Pacific Construction Group,Asia,Technology,,,,,,,,
2021,Panasonic,Asia,Technology,1,1,,1,,,,
2021,Pegatron,Asia,Oil and gas,,,,,,,,
2021,Pemex,North America,Financial services,,,,,,,,
2021,People's Insurance Co. of China,Asia,"Food, beverages and agriculture",,,,,,,,
2021,PepsiCo,North America,"Food, beverages and agriculture",1,1,,1,,,,
2021,Performance Food Group,North America,Oil and gas,,,,,,,,
2021,Pertamina,Asia,Oil and gas,,,,,,,,
2021,Petrobras,Other,Energy and utilities,,,,,,,,
2021,Petronas,Asia,Health care and pharmaceuticals,,,,1,,,,
2021,Pfizer,North America,"Food, beverages and agriculture",,1,1,,,,,
2021,Philip Morris International,North America,Oil and gas,,1,1,1,,,,
2021,Phillips 66,North America,Financial services,,,,,,,,
2021,Phoenix Group Holdings,Europe,Health care and pharmaceuticals,,,1,1,,,,
2021,Phoenix Pharma,Europe,Financial services,,,,,,,,
2021,Ping An Insurance,Asia,Industrial goods,,,,,,,,
2021,POSCO,Asia,Financial services,,,1,,,,,
2021,Poste Italiane,Europe,Financial services,,,,1,,,,
2021,Power Corp. of Canada,North America,Engineering and construction,,,,,,,,
2021,PowerChina,Asia,Household and personal products,,,,,,,,
2021,Procter & Gamble,North America,Financial services,1,1,1,,,,,
2021,Progressive,North America,Financial services,,,,,,,,
2021,Prudential,Europe,Financial services,1,,,,,,,
2021,Prudential Financial,North America,Chemicals,,,1,1,,,,
2021,PTT,Asia,"Food, beverages and agriculture",,,,,,,,
2021,Publix Super Markets,North America,Technology,,,,,,,,
2021,Quanta Computer,Asia,Financial services,,,,,,,,
2021,Rajesh Exports,Asia,Aerospace and defense,,,,,,,,
2021,Raytheon Technologies,North America,Oil and gas,,,,,,,,
2021,Reliance Industries,Asia,Automotive,,,,1,,,,
2021,Renault,Europe,Oil and gas,,1,1,,,,,
2021,Repsol,Europe,Industrial goods,,,,1,,,,
2021,Rio Tinto Group,Europe,"Food, beverages and agriculture",,,,1,,,,
2021,Rite Aid,North America,Health care and pharmaceuticals,,,,,,,,
2021,Roche Group,Europe,Oil and gas,,,,1,,,,
2021,Rosneft Oil,Europe,"Food, beverages and agriculture",,,,,,,,
2021,Royal Ahold Delhaize,Europe,Financial services,,1,,1,,,,
2021,Royal Bank of Canada,North America,Oil and gas,,,1,1,,,,
2021,Royal Dutch Shell,Europe,Automotive,,,,1,,,,
2021,SAIC Motor,Asia,Industrial goods,,,,,,,,
2021,Saint-Gobain,Europe,Financial services,,1,1,,,,,
2021,Samsung C&T,Asia,Technology,,,,,,,,
2021,Samsung Electronics,Asia,Financial services,,,,,,,,
2021,Samsung Life Insurance,Asia,Health care and pharmaceuticals,,,,,,,,
2021,Sanofi,Europe,Technology,1,1,1,,,,,
2021,SAP,Europe,Oil and gas,1,1,1,,,,,
2021,Saudi Aramco,Other,Financial services,,,,,,,,
2021,Sberbank,Europe,Technology,,,1,,,,,
2021,Schneider Electric,Europe,Retail,1,1,1,,,,,
2021,Seven & I Holdings,Asia,Oil and gas,1,,,1,,,,
2021,Shaanxi Coal & Chemical Industry,Asia,Oil and gas,,,,,,,,
2021,Shaanxi Yanchang Petroleum (Group),Asia,Oil and gas,,,,,,,,
2021,Shandong Energy Group,Asia,Industrial goods,,,,,,,,
2021,Shandong Iron & Steel Group,Asia,Retail,,,,,,,,
2021,Shandong Weiqiao Pioneering Group,North America,Engineering and construction,,,,,,,,
2021,Shanghai Construction Group,Asia,Health care and pharmaceuticals,,,,,,,,
2021,Shanghai Pharmaceuticals Holding,Asia,Financial services,,,,,,,,
2021,Shanghai Pudong Development Bank,Asia,Oil and gas,,,,,,,,
2021,Shanxi Coking Coal Group,Asia,Chemicals,,,,,,,,
2021,Shenghong Holding Group,Asia,Financial services,,,,,,,,
2021,Shenzhen Investment Holdings,Asia,Industrial goods,,,,,,,,
2021,Shougang Group,Asia,Industrial goods,,,,,,,,
2021,Siemens,Europe,Energy and utilities,1,1,1,,,,,
2021,Siemens Energy,Europe,Chemicals,,,1,,,,,
2021,Sinochem,Asia,Industrial goods,,,,,,,,
2021,Sinomach,Asia,Oil and gas,,,,,,,,
2021,Sinopec Group,Asia,Health care and pharmaceuticals,,,1,,,,,
2021,Sinopharm,Asia,Oil and gas,,,,,,,,
2021,SK,Asia,Technology,1,,,1,,,,
2021,SK Hynix,Asia,Transportation and logistics,1,,,,,,,
2021,SNCF Group,Europe,Financial services,,1,1,,,,,
2021,Société Générale,Europe,Telecommunications and media,,,1,,,,,
2021,SoftBank Group,Asia,Financial services,,1,1,,,,,
2021,Sompo Holdings,Asia,Technology,,,,1,,,,
2021,Sony,Asia,Financial services,1,1,,1,,,,
2021,State Bank of India,Asia,Financial services,,,1,,,,,
2021,State Farm Insurance,North America,Energy and utilities,,,,,,,,
2021,State Grid,Asia,Energy and utilities,,,,,,,,
2021,State Power Investment,Asia,Financial services,,,,,,,,
2021,StoneX Group,North America,Automotive,,,,,,,,
2021,Subaru,Asia,Financial services,,,1,,,,,
2021,Sumitomo,Asia,Automotive,,,1,,,,,
2021,Sumitomo Electric Industries,Asia,Financial services,,1,1,,,,,
2021,Sumitomo Life Insurance,Asia,Financial services,,,,1,,,,
2021,Sumitomo Mitsui Financial Group,Asia,Financial services,,,,1,,,,
2021,Sun Life Financial,North America,Real estate,,,1,,,,,
2021,Sunac China Holdings,Asia,Retail,,,,,,,,
2021,Suning.com Group,Asia,Automotive,,,,,,,,
2021,Suzuki Motor,Asia,Financial services,,,,,,,,
2021,Swiss Re,Europe,Technology,1,,1,1,,,,
2021,Synnex,North America,"Food, beverages and agriculture",,,,,,,,
2021,Sysco,North America,Financial services,,,,,,,,
2021,Taikang Insurance Group,Asia,Technology,,,,,,,,
2021,Taiwan Semiconductor Manufacturing,Asia,Health care and pharmaceuticals,1,,,1,,,,
2021,Takeda Pharmaceutical,Asia,Financial services,,1,1,1,,,,
2021,Talanx,Europe,Retail,,,1,,,,,
2021,Target,North America,Automotive,1,1,,1,,,,
2021,Tata Motors,Asia,Telecommunications and media,1,,,1,,,,
2021,Telefónica,Europe,Retail,1,1,,1,,,,
2021,Tencent Holdings,Asia,"Food, beverages and agriculture",,,,,,,,
2021,Tesco,Europe,Automotive,1,1,,1,,,,
2021,Tesla,North America,Technology,,,,,,,,
2021,Thermo Fisher Scientific,North America,Engineering and construction,,,,1,,,,
2021,ThyssenKrupp,Europe,Financial services,,1,1,,,,,
2021,TIAA,North America,Retail,,,,,,,,
2021,TJX,North America,Financial services,,,,,,,,
2021,Tokio Marine Holdings,Asia,Energy and utilities,,,1,,,,,
2021,Tokyo Electric Power,Asia,Industrial goods,,,,1,,,,
2021,TongLing Nonferrous Metals Group,Asia,Financial services,,,,,,,,
2021,Toronto-Dominion Bank,North America,Technology,,,1,1,,,,
2021,Toshiba,Asia,Oil and gas,,1,,,,,,
2021,TotalEnergies,Europe,Automotive,,,,1,,,,
2021,Toyota Motor,Asia,Financial services,,,1,,,,,
2021,Toyota Tsusho,Asia,Financial services,,,1,,,,,
2021,Trafigura Group,Asia,Financial services,,,,,,,,
2021,Travelers,North America,Financial services,,,1,,,,,
2021,Truist Financial,North America,Industrial goods,,,,,,,,
2021,Tsingshan Holding Group,Asia,"Food, beverages and agriculture",,,,,,,,
2021,Tyson Foods,North America,Financial services,,1,,1,,,,
2021,U.S. Bancorp,North America,Transportation and logistics,,,,,,,,
2021,U.S. Postal Service,North America,Financial services,,,,,,,,
2021,UBS Group,Europe,Financial services,1,,1,1,,,,
2021,UniCredit Group,Europe,Household and personal products,,,,,,,,
2021,Unilever,Europe,"Food, beverages and agriculture",1,1,,1,,,,
2021,United Natural Foods,North America,Transportation and logistics,,,,,,,,
2021,United Parcel Service,North America,Health care and pharmaceuticals,,,1,,,,,
2021,UnitedHealth Group,North America,Financial services,,,,,,,,
2021,USAA,North America,Industrial goods,,,,,,,,
2021,Vale,Other,Oil and gas,,,1,,,,,
2021,Valero Energy,North America,Energy and utilities,,,1,,,,,
2021,Veolia Environnement,Europe,Telecommunications and media,,1,,,,,,
2021,Verizon Communications,North America,Telecommunications and media,,1,1,,,,,
2021,ViacomCBS,North America,Engineering and construction,,,,,,,,
2021,Vinci,Europe,Telecommunications and media,,,1,,,,,
2021,Vodafone Group,Europe,Automotive,1,1,,1,,,,
2021,Volkswagen,Europe,Automotive,,1,1,,,,,
2021,Volvo,Europe,"Food, beverages and agriculture",,1,1,1,,,,
2021,Walgreens Boots Alliance,North America,Retail,,,,,,,,
2021,Walmart,North America,Telecommunications and media,1,1,,1,,,,
2021,Walt Disney,North America,Industrial goods,,,,1,,,,
2021,Weichai Power,Asia,Financial services,,,,,,,,
2021,Wells Fargo,North America,"Food, beverages and agriculture",1,,1,1,,,,
2021,WH Group,Asia,"Food, beverages and agriculture",,,,,,,,
2021,Wilmar International,Asia,Technology,,,,,,,,
2021,Wistron,Asia,"Food, beverages and agriculture",,,,,,,,
2021,Woolworths Group,Other,Financial services,,1,,1,,,,
2021,Wuchan Zhongda Group,Asia,"Food, beverages and agriculture",,,,,,,,
2021,X5 Retail Group,Europe,Financial services,,,1,,,,,
2021,Xiamen C&D,Asia,Technology,,,,,,,,
2021,Xiamen ITG Holding Group,Asia,Retail,,,,,,,,
2021,Xiaomi,Asia,Financial services,,,,,,,,
2021,Xinjiang Guanghui Industry Investment,Asia,Financial services,,,,,,,,
2021,XMXYG,Asia,Financial services,,,,,,,,
2021,Yango Longking Group,Asia,Financial services,,,,,,,,
2021,Yunnan Provincial Investment Holding Group,Asia,Automotive,,,,,,,,
2021,ZF Friedrichshafen,Europe,Transportation and logistics,,,1,,,,,
2021,Zhejiang Communications Investment Group,Asia,Automotive,,,,,,,,
2021,Zhejiang Geely Holding Group,Asia,Chemicals,,,,,,,,
2021,Zhejiang Hengyi Group,Asia,Chemicals,,,,,,,,
2021,Zhejiang Rongsheng Holding Group,Asia,Industrial goods,,,,,,,,
2021,Zijin Mining Group,Asia,Financial services,,,,,,,,
2021,Zurich Insurance Group,Europe,Financial services,1,,1,1,,,,
2022,Walmart,North America,Retail,1,1,,1,-1,,,
2022,Amazon,North America,Retail,,,,1,,,,
2022,State Grid,Asia,Energy and utilities,,,,,,,,
2022,China National Petroleum,Asia,Oil and gas,,,,1,,,,
2022,Sinopec Group,Asia,Oil and gas,,,,,-1,,,
2022,Saudi Aramco,Other,Metals and mining,,,,1,1,,,
2022,Apple,North America,Technology,1,1,1,,1,,,
2022,Volkswagen,Europe,Automotive,,1,1,,1,,,
2022,China State Construction Engineering,Asia,Engineering and construction,,,,,,,,
2022,CVS Health,North America,Health care and pharmaceuticals,,1,1,1,,,,
2022,UnitedHealth Group,North America,Health care and pharmaceuticals,,,,1,1,,,
2022,Exxon Mobil,North America,Oil and gas,,,,1,,,,
2022,Toyota Motor,Asia,Automotive,,,1,,1,,,
2022,Berkshire Hathaway,North America,Financial services,,,,,,,,
2022,Shell,Europe,Oil and gas,,,,1,1,,,
2022,McKesson,North America,Retail,,,1,,,,,
2022,Alphabet,North America,Technology,1,,1,1,1,,,
2022,Samsung Electronics,Asia,Industrial goods,,,,,1,,,
2022,Trafigura Group,Asia,Financial services,,,,,1,,,
2022,Hon Hai Precision Industry,Asia,Industrial goods,,,,1,,,,
2022,AmerisourceBergen,North America,Retail,,,,,,,,
2022,Industrial & Commercial Bank of China,Asia,Financial services,,,,,,,,
2022,Glencore,Europe,Metals and mining,,,,1,-1,,,
2022,China Construction Bank,Asia,Financial services,,,,,,,,
2022,Ping An Insurance,Asia,Financial services,,,1,,1,,,
2022,Costco Wholesale,North America,Retail,,,,,,,,
2022,TotalEnergies,Europe,Oil and gas,,,,1,,,,
2022,Agricultural Bank of China,Asia,Financial services,,,,,,,,
2022,Stellantis,Europe,Automotive,,,,1,-1,,,
2022,Cigna,North America,Health care and pharmaceuticals,1,,1,,,,,
2022,Sinochem Holdings,Asia,Chemicals,,,,,,,,
2022,AT&T,North America,Telecommunications and media,,1,1,,,,,
2022,Microsoft,North America,Technology,1,1,1,1,,,,
2022,China Railway Engineering Group,Asia,Engineering and construction,,,,,,,,
2022,BP,Europe,Oil and gas,,,,1,1,,,
2022,Cardinal Health,North America,Retail,,,,,,,,
2022,Chevron,North America,Oil and gas,,,,1,,,,
2022,Mercedes-Benz Group,Europe,Automotive,,,1,,1,,,
2022,China Railway Construction,Asia,Engineering and construction,,,,,,,,
2022,China Life Insurance,Asia,Financial services,,,,,,,,
2022,Mitsubishi Chemical Holdings,Asia,Chemicals,,,1,,1,,,
2022,Bank of China,Asia,Financial services,,,,,,,,
2022,Home Depot,North America,Retail,1,,,,,,,
2022,China Baowu Steel Group,Asia,Metals and mining,,,1,,1,,,
2022,Walgreens Boots Alliance,North America,Retail,,,1,,,,,
2022,JD.com,Asia,Retail,,,1,,1,,,
2022,Allianz,Europe,Financial services,1,,1,1,,,,
2022,AXA,Europe,Financial services,1,,1,1,1,,,
2022,Marathon Petroleum,North America,Oil and gas,,,,,,,,
2022,Elevance Health,North America,Health care and pharmaceuticals,1,,,,,,,
2022,Kroger,North America,Retail,,,,,,,,
2022,Gazprom,Europe,Oil and gas,,,,,,,,
2022,Ford Motor,North America,Automotive,,1,1,,,,,
2022,Verizon Communications,North America,Telecommunications and media,,1,,1,-1,,,
2022,Alibaba Group Holding,Asia,Retail,,,1,,1,,,
2022,Fortum,Europe,Energy and utilities,,,1,,,,,
2022,China Mobile Communications,Asia,Telecommunications and media,,,,,,,,
2022,China Minmetals,Asia,Metals and mining,,,,,,,,
2022,BMW Group,Europe,Automotive,1,1,1,,1,,,
2022,China Communications Construction,Asia,Engineering and construction,,,,,,,,
2022,Honda Motor,Asia,Automotive,,,1,,1,,,
2022,Deutsche Telekom,Europe,Telecommunications and media,1,1,1,1,,,,
2022,JPMorgan Chase,North America,Financial services,1,,1,,,,,
2022,General Motors,North America,Automotive,1,1,1,,,,,
2022,China National Offshore Oil,Asia,Metals and mining,,,,,,,,
2022,Centene,North America,Health care and pharmaceuticals,,,,,,,,
2022,Lukoil,Europe,Oil and gas,,,,,,,,
2022,SAIC Motor,Asia,Automotive,,,,,,,,
2022,Shandong Energy Group,Asia,Metals and mining,,,,,,,,
2022,China Resources,Asia,Health care and pharmaceuticals,,,,,,,,
2022,Meta Platforms,North America,Technology,1,,,1,,,,
2022,Assicurazioni Generali,Europe,Financial services,,,1,1,1,,,
2022,Comcast,North America,Telecommunications and media,,,1,,,,,
2022,Phillips 66,North America,Oil and gas,,,,,,,,
2022,Hengli Group,Asia,Household and personal products,,,,,,,,
2022,Amer International Group,Asia,Metals and mining,,,,,,,,
2022,Xiamen C&D,Asia,Financial services,,,,,,,,
2022,Itochu,Asia,Financial services,,,1,1,1,,,
2022,China FAW Group,Asia,Automotive,,,,,,,,
2022,Sinopharm,Asia,Health care and pharmaceuticals,,,,,,,,
2022,China Post Group,Asia,Transportation and logistics,,,1,,,,,
2022,Valero Energy,North America,Oil and gas,,,1,,,,,
2022,Nippon Telegraph and Telephone,Asia,Telecommunications and media,,,1,,,,,
2022,Crédit Agricole,Europe,Financial services,1,,,,,,,
2022,China Energy Investment,Asia,Metals and mining,,,,,,,,
2022,Dell Technologies,North America,Technology,1,1,,1,,,,
2022,Target,North America,Retail,1,1,,1,,,,
2022,Mitsui,Asia,Financial services,,1,,1,1,,,
2022,China Southern Power Grid,Asia,Energy and utilities,,,,,,,,
2022,Enel,Europe,Energy and utilities,,1,,1,-1,,,
2022,COFCO,Asia,Financial services,,,,,,,,
2022,Hyundai Motor,Asia,Automotive,1,,1,,1,,,
2022,Fannie Mae,North America,Financial services,,,,,,,,
2022,Japan Post Holdings,Asia,Financial services,,,1,,-1,,,
2022,Electricité de France,Europe,Energy and utilities,,1,1,,1,,,
2022,Huawei Investment & Holding,Asia,Telecommunications and media,,,,,,,,
2022,United Parcel Service,North America,Transportation and logistics,,,1,,1,,,
2022,Life Insurance Corp. of India,Asia,Financial services,,,,,,,,
2022,Deutsche Post DHL Group,Europe,Transportation and logistics,,,,1,1,,,
2022,PowerChina,Asia,Engineering and construction,,,,,,,,
2022,Lowe's,North America,Retail,,,,1,,,,
2022,CITIC Group,Asia,Financial services,,,,,,,,
2022,Nestlé,Europe,"Food, beverages and agriculture",1,1,,1,,,,
2022,Reliance Industries,Asia,Oil and gas,,,,,,,,
2022,Bank of America,North America,Financial services,1,,1,1,-1,,,
2022,Xiamen ITG Holding Group,Asia,Financial services,,,,,,,,
2022,Johnson & Johnson,North America,Health care and pharmaceuticals,1,1,1,,,,,
2022,Bosch Group,Europe,Automotive,,,1,,,,,
2022,BASF,Europe,Chemicals,,,,1,1,,,
2022,People's Insurance Co. of China,Asia,Financial services,,,,,,,,
2022,ENI,Europe,Oil and gas,,,,1,,,,
2022,E.ON,Europe,Energy and utilities,,1,1,,-1,,,
2022,Hitachi,Asia,Industrial goods,,1,1,,,,,
2022,Equinor,Europe,Oil and gas,,,1,1,,,,
2022,Royal Ahold Delhaize,Europe,Retail,,1,,1,,,,
2022,Sony,Asia,Industrial goods,1,1,1,,,,,
2022,SK Group,Asia,Oil and gas,,,,1,1,,,
2022,Rosneft Oil,Europe,Oil and gas,,,,1,,,,
2022,Carrefour,Europe,Retail,,1,1,,,,,
2022,Wuchan Zhongda Group,Asia,Financial services,,,,,,,,
2022,Tencent Holdings,Asia,Technology,,,1,,1,,,
2022,Dongfeng Motor,Asia,Automotive,,,,,,,,
2022,BNP Paribas,Europe,Financial services,,,1,1,1,,,
2022,Archer Daniels Midland,North America,"Food, beverages and agriculture",,,,,,,,
2022,Greenland Holding Group,Asia,Real estate,,,,,,,,
2022,Tesco,Europe,Retail,1,1,,1,,,,
2022,COSCO Shipping,Asia,Transportation and logistics,,,,,,,,
2022,Petrobras,Other,Oil and gas,,,,1,,,,
2022,FedEx,North America,Transportation and logistics,,,1,,1,,,
2022,Engie,Europe,Energy and utilities,,1,,1,-1,,,
2022,China Telecommunications,Asia,Telecommunications and media,,,,,,,,
2022,Humana,North America,Health care and pharmaceuticals,,,,,,,,
2022,Munich Re Group,Europe,Financial services,,,1,1,1,,,
2022,Wells Fargo,North America,Financial services,1,,1,1,1,,,
2022,State Farm Insurance,North America,Financial services,,,,,,,,
2022,China North Industries Group,Asia,Aerospace and defense,,,,,,,,
2022,Pfizer,North America,Health care and pharmaceuticals,,1,1,1,,,,
2022,Country Garden Holdings,Asia,Real estate,,,,,-1,,,
2022,Aluminum Corp. of China,Asia,Metals and mining,,,,,,,,
2022,ENEOS Holdings,Asia,Oil and gas,,,1,,,,,
2022,Citigroup,North America,Financial services,1,,,1,,,,
2022,Indian Oil,Asia,Oil and gas,,,,,,,,
2022,PepsiCo,North America,"Food, beverages and agriculture",1,1,,1,1,,,
2022,Aviation Industry Corp. of China,Asia,Aerospace and defense,,,,1,,,,
2022,Intel,North America,Industrial goods,1,,,1,-1,,,
2022,Banco Santander,Europe,Financial services,,,1,1,1,,,
2022,Seven & I Holdings,Asia,Retail,1,,,1,,,,
2022,AEON,Asia,Retail,1,1,,1,-1,,,
2022,HSBC Holdings,Europe,Financial services,1,,,1,,,,
2022,Pacific Construction Group,Asia,Engineering and construction,,,,,,,,
2022,U.S. Postal Service,North America,Transportation and logistics,,,,,,,,
2022,China Merchants Group,Asia,Transportation and logistics,,,,,,,,
2022,ArcelorMittal,Other,Metals and mining,,,,1,1,,,
2022,Procter & Gamble,North America,Household and personal products,1,1,1,1,1,,,
2022,Bank of Communications,Asia,Financial services,,,,,-1,,,
2022,Christian Dior,Europe,Household and personal products,,,,,,,,
2022,Marubeni,Asia,Financial services,,,,1,,,,
2022,Brookfield Asset Management,North America,Financial services,,,,1,-1,,,
2022,Siemens,Europe,Industrial goods,1,1,1,1,,,,
2022,XMXYG,Asia,Financial services,,,,,,,,
2022,Nissan Motor,Asia,Automotive,,1,1,,,,,
2022,Beijing Automotive Group,Asia,Automotive,,,1,,,,,
2022,Jinneng Holding Group,Asia,Metals and mining,,,,,,,,
2022,Nippon Life Insurance,Asia,Financial services,,,,1,,,,
2022,General Electric,North America,Industrial goods,,,1,1,1,,,
2022,Pemex,North America,Metals and mining,,,,,,,,
2022,Dai-ichi Life Holdings,Asia,Financial services,,,,1,,,,
2022,International Business Machines,North America,Technology,,,,1,,,,
2022,Roche Group,Europe,Health care and pharmaceuticals,,,,1,,,,
2022,Albertsons,North America,Retail,,1,,,,,,
2022,Lenovo Group,Asia,Technology,,1,,1,1,,,
2022,Toyota Tsusho,Asia,Financial services,,,1,,,,,
2022,MetLife,North America,Financial services,,,1,1,1,,,
2022,China Merchants Bank,Asia,Financial services,,,,,,,,
2022,Prudential Financial,North America,Financial services,,,,,,,,
2022,Jiangxi Copper,Asia,Metals and mining,,,,,,,,
2022,PTT,Asia,Oil and gas,,,,1,,,,
2022,China Vanke,Asia,Real estate,,,,,,,,
2022,Zurich Insurance Group,Europe,Financial services,1,,1,1,1,,,
2022,Zhejiang Rongsheng Holding Group,Asia,Chemicals,,,,,,,,
2022,China Poly Group,Asia,Real estate,,,,,,,,
2022,China Pacific Insurance (Group),Asia,Financial services,,,,,,,,
2022,Walt Disney,North America,Telecommunications and media,,,,1,1,,,
2022,Energy Transfer,North America,Oil and gas,,,,,,,,
2022,Lockheed Martin,North America,Aerospace and defense,,,,,,,,
2022,Guangzhou Automobile Industry Group,Asia,Automotive,,,,,,,,
2022,LG Electronics,Asia,Industrial goods,,1,1,,,,,
2022,POSCO,Asia,Metals and mining,,,1,,,,,
2022,HBIS Group,Asia,Metals and mining,,,1,,,,,
2022,Oil & Natural Gas,Asia,Metals and mining,,,1,,1,,,
2022,Freddie Mac,North America,Financial services,,,,,,,,
2022,Wilmar International,Asia,"Food, beverages and agriculture",,,,,,,,
2022,Panasonic Holdings,Asia,Industrial goods,1,1,1,,,,,
2022,JBS,Other,"Food, beverages and agriculture",,,,1,-1,,,
2022,Goldman Sachs Group,North America,Financial services,1,,1,1,1,,,
2022,China National Building Material Group,Asia,Industrial goods,,,,,,,,
2022,Raytheon Technologies,North America,Aerospace and defense,,,,,,,,
2022,Aviva,Europe,Financial services,1,,1,1,1,,,
2022,Shandong Weiqiao Pioneering Group,Asia,Household and personal products,,,,,,,,
2022,Aegon,Europe,Financial services,,,1,1,1,,,
2022,Rio Tinto Group,Europe,Metals and mining,,,,1,,,,
2022,HP,North America,Technology,1,1,1,1,,,,
2022,Legal & General Group,Europe,Financial services,,,,1,,,,
2022,Boeing,North America,Aerospace and defense,,,,1,1,,,
2022,Unilever,Europe,Household and personal products,1,1,,1,-1,,,
2022,Maersk Group,Europe,Transportation and logistics,,,,1,1,,,
2022,Airbus,Europe,Aerospace and defense,,,,1,,,,
2022,Industrial Bank,Asia,Financial services,,,,,,,,
2022,Shaanxi Coal & Chemical Industry,Asia,Metals and mining,,,,,,,,
2022,China Everbright Group,Asia,Financial services,,,1,,,,,
2022,Morgan Stanley,North America,Financial services,1,,1,1,-1,,,
2022,Kia,Asia,Automotive,1,,1,,,,,
2022,BHP Group,Other,Metals and mining,,,,1,1,,,
2022,Nippon Steel Corporation,Asia,Metals and mining,,,1,,,,,
2022,China Huaneng Group,Asia,Energy and utilities,,,,,,,,
2022,Petronas,Asia,Oil and gas,,,,1,,,,
2022,Ansteel Group,Asia,Metals and mining,,,,,,,,
2022,Vinci,Europe,Engineering and construction,,1,1,,,,,
2022,Bunge,North America,"Food, beverages and agriculture",,,,,,,,
2022,Société Générale,Europe,Financial services,,,1,,,,,
2022,HCA Healthcare,North America,Health care and pharmaceuticals,,,,,,,,
2022,Lloyds Banking Group,Europe,Financial services,1,,,1,1,,,
2022,Pertamina,Asia,Oil and gas,,,,,,,,
2022,Sinomach,Asia,Industrial goods,,,,,,,,
2022,Taiwan Semiconductor Manufacturing,Asia,Industrial goods,1,,,,,,,
2022,Shanghai Pudong Development Bank,Asia,Financial services,,,,,,,,
2022,AbbVie,North America,Health care and pharmaceuticals,,,,,,,,
2022,CMA CGM,Europe,Transportation and logistics,,,,1,,,,
2022,Zhejiang Geely Holding Group,Asia,Automotive,,,1,,,,,
2022,Deutsche Bahn,Europe,Transportation and logistics,,1,1,,,,,
2022,Vale,Other,Metals and mining,,,,1,1,,,
2022,Power Corp. of Canada,North America,Financial services,,,,,,,,
2022,China Electronics Technology Group,Asia,Aerospace and defense,,,,,,,,
2022,SoftBank Group,Asia,Telecommunications and media,,1,1,,,,,
2022,Dow,North America,Chemicals,,,1,,1,,,
2022,State Bank of India,Asia,Financial services,,,1,,-1,,,
2022,Renault,Europe,Automotive,,1,1,,,,,
2022,Tsingshan Holding Group,Asia,Metals and mining,,,,,,,,
2022,Anheuser-Busch InBev,Other,"Food, beverages and agriculture",1,1,,1,,,,
2022,Mitsubishi UFJ Financial Group,Asia,Financial services,,,,1,,,,
2022,Shenghong Holding Group,Asia,Chemicals,,,,,,,,
2022,Tesla,North America,Automotive,,,,,,,,
2022,China State Shipbuilding,Asia,Transportation and logistics,,,,,,,,
2022,Talanx,Europe,Financial services,,,,1,1,,,
2022,Midea Group,Asia,Industrial goods,,,,,-1,,,
2022,Allstate,North America,Financial services,,,,,1,,,
2022,Vodafone Group,Europe,Telecommunications and media,1,1,,1,-1,,,
2022,Novartis,Europe,Health care and pharmaceuticals,1,1,1,1,,,,
2022,Korea Electric Power,Asia,Energy and utilities,,,1,,,,,
2022,Idemitsu Kosan,Asia,Oil and gas,,,1,,,,,
2022,Repsol,Europe,Oil and gas,,,,1,1,,,
2022,Saint-Gobain,Europe,Industrial goods,,1,,1,,,,
2022,Tokio Marine Holdings,Asia,Financial services,,,1,1,,,,
2022,Bayer,Europe,Health care and pharmaceuticals,,1,1,1,1,,,
2022,American International Group,North America,Financial services,,,,1,,,,
2022,Edeka Zentrale,Europe,Retail,,,,,-1,,,
2022,Shaanxi Yanchang Petroleum (Group),Asia,Metals and mining,,,,,,,,
2022,Best Buy,North America,Retail,,1,1,,1,,,
2022,Charter Communications,North America,Telecommunications and media,,,1,,1,,,
2022,State Power Investment,Asia,Energy and utilities,,,1,,,,,
2022,Sysco,North America,Retail,,,,,,,,
2022,Merck,North America,Health care and pharmaceuticals,,1,1,,1,,,
2022,New York Life Insurance,North America,Financial services,,,,,,,,
2022,Zhejiang Hengyi Group,Asia,Chemicals,,,,,,,,
2022,Caterpillar,North America,Industrial goods,,,,,,,,
2022,Xiaomi,Asia,Industrial goods,,,,,,,,
2022,China United Network Communications,Asia,Telecommunications and media,,,,,,,,
2022,Accenture,Europe,Financial services,1,1,,1,,,,
2022,China Energy Engineering Group,Asia,Engineering and construction,,,,,,,,
2022,Sberbank,Europe,Financial services,,,1,,-1,,,
2022,Orange,Europe,Telecommunications and media,,1,,1,1,,,
2022,Woolworths Group,Other,Retail,1,1,,1,,,,
2022,China Minsheng Banking,Asia,Financial services,,,,,,,,
2022,Cisco Systems,North America,Telecommunications and media,,1,,1,,,,
2022,América Móvil,North America,Telecommunications and media,,1,,1,,,,
2022,Louis Dreyfus,Europe,"Food, beverages and agriculture",,,,,,,,
2022,Manulife Financial,North America,Financial services,,,,1,-1,,,
2022,Denso,Asia,Automotive,,,1,,,,,
2022,Sumitomo,Asia,Financial services,,,1,,,,,
2022,TJX,North America,Retail,,,,1,1,,,
2022,KDDI,Asia,Telecommunications and media,1,1,,1,,,,
2022,Groupe BPCE,Europe,Financial services,,,,1,-1,,,
2022,Publix Super Markets,North America,Retail,,,,,-1,,,
2022,ConocoPhillips,North America,Metals and mining,,,,1,1,,,
2022,Liberty Mutual Insurance Group,North America,Financial services,,,,,-1,,,
2022,Progressive,North America,Financial services,,,,,,,,
2022,Ingka Group,Europe,Retail,1,1,,1,,,,
2022,AIA Group,Asia,Financial services,,,,1,,,,
2022,Nationwide,North America,Financial services,,,,,,,,
2022,Tokyo Electric Power,Asia,Energy and utilities,,,,1,,,,
2022,Jiangsu Shagang Group,Asia,Metals and mining,,,,,,,,
2022,Tyson Foods,North America,"Food, beverages and agriculture",,1,,1,,,,
2022,EXOR Group,Europe,Financial services,,,1,1,-1,,,
2022,GSK,Europe,Health care and pharmaceuticals,,1,,1,,,,
2022,Bharat Petroleum,Asia,Oil and gas,,,,1,,,,
2022,Swiss Re,Europe,Financial services,1,,1,1,1,,,
2022,China National Coal Group,Asia,Metals and mining,,,,,,,,
2022,Intesa Sanpaolo,Europe,Financial services,,,,1,1,,,
2022,Susun Construction Group,Asia,Engineering and construction,,,,,,,,
2022,Telefónica,Europe,Telecommunications and media,1,1,,1,1,,,
2022,Bristol-Myers Squibb,North America,Health care and pharmaceuticals,,,1,,,,,
2022,Zhejiang Communications Investment Group,Asia,Transportation and logistics,,,,,,,,
2022,Sanofi,Europe,Health care and pharmaceuticals,1,1,1,1,,,,
2022,Iberdrola,Europe,Energy and utilities,,1,1,,,,,
2022,LyondellBasell Industries,Europe,Chemicals,,,,1,1,,,
2022,Hanwha,Asia,Financial services,,,,,,,,
2022,Royal Bank of Canada,North America,Financial services,,,1,1,,,,
2022,Alimentation Couche-Tard,North America,Retail,,,,,,,,
2022,MS&AD Insurance Group Holdings,Asia,Financial services,,,,1,,,,
2022,ZF Friedrichshafen,Europe,Automotive,,1,1,,-1,,,
2022,Pegatron,Asia,Industrial goods,,,,,,,,
2022,Continental,Europe,Automotive,1,1,1,,1,,,
2022,Nike,North America,Household and personal products,1,1,,,,,,
2022,Bouygues,Europe,Engineering and construction,,,,,,,,
2022,China South Industries Group,Asia,Aerospace and defense,,,,,,,,
2022,Fresenius,Europe,Health care and pharmaceuticals,,,,1,,,,
2022,Compal Electronics,Asia,Technology,,,,1,,,,
2022,Deere,North America,Industrial goods,,,,,,,,
2022,George Weston,North America,Retail,,,,1,,,,
2022,American Express,North America,Financial services,1,,1,1,,,,
2022,Shanghai Construction Group,Asia,Engineering and construction,,,,,,,,
2022,China Aerospace Science & Technology,Asia,Aerospace and defense,,,,,,,,
2022,Volvo,Europe,Automotive,,1,1,1,,,,
2022,China Electronics,Asia,Industrial goods,,,,,,,,
2022,Abbott Laboratories,North America,Health care and pharmaceuticals,,,,,,,,
2022,China Huadian,Asia,Energy and utilities,,,,,,,,
2022,StoneX Group,North America,Financial services,,,,,,,,
2022,Shougang Group,Asia,Metals and mining,,,,,,,,
2022,Plains GP Holdings,North America,Oil and gas,,,,,,,,
2022,OMV Group,Other,Oil and gas,,,,1,,,,
2022,Anglo American,Other,Metals and mining,,,1,,,,,
2022,Shandong Iron & Steel Group,Asia,Metals and mining,,,,,,,,
2022,Itaú Unibanco Holding,Other,Financial services,,,1,1,1,,,
2022,China Taiping Insurance Group,Asia,Financial services,,,,,,,,
2022,SNCF Group,Europe,Transportation and logistics,,,1,,1,,,
2022,Hangzhou Iron and Steel Group,Asia,Metals and mining,,,,,,,,
2022,DZ Bank,Europe,Financial services,,,,,,,,
2022,Chubb,Europe,Financial services,,,1,,1,,,
2022,Jinchuan Group,Asia,Metals and mining,,,,,,,,
2022,La Poste,Europe,Transportation and logistics,1,1,1,1,1,,,
2022,China Aerospace Science & Industry,Asia,Aerospace and defense,,,,,,,,
2022,J. Sainsbury,Europe,Retail,,1,,1,-1,,,
2022,Enterprise Products Partners,North America,Oil and gas,,,,,,,,
2022,ThyssenKrupp,Europe,Metals and mining,,1,1,,,,,
2022,UBS Group,Europe,Financial services,1,,1,1,1,,,
2022,Taikang Insurance Group,Asia,Financial services,,,,,,,,
2022,TIAA,North America,Financial services,,,,1,,,,
2022,Oracle,North America,Technology,,,1,1,1,,,
2022,Quanta Computer,Asia,Technology,,,,,,,,
2022,Deutsche Bank,Europe,Financial services,1,,1,1,1,,,
2022,Mitsubishi Electric,Asia,Industrial goods,,1,,1,,,,
2022,Banco Bilbao Vizcaya Argentaria,Europe,Financial services,1,,1,1,1,,,
2022,Anhui Conch Group,Asia,Industrial goods,,,,,-1,,,
2022,Daiwa House Industry,Asia,Engineering and construction,1,1,1,,,,,
2022,Thermo Fisher Scientific,North America,Industrial goods,,,,1,-1,,,
2022,New Hope Holding Group,Asia,"Food, beverages and agriculture",,,,,-1,,,
2022,Koç Holding,Other,Energy and utilities,,,1,,,,,
2022,JFE Holdings,Asia,Metals and mining,,,1,,,,,
2022,Coca-Cola,North America,"Food, beverages and agriculture",,1,,1,,,,
2022,Guangzhou Municipal Construction Group,Asia,Engineering and construction,,,,,,,,
2022,General Dynamics,North America,Aerospace and defense,,,1,,1,,,
2022,CHS,North America,"Food, beverages and agriculture",,,,,,,,
2022,Beijing Jianlong Heavy Industry Group,Asia,Metals and mining,,,,,,,,
2022,China National Nuclear,Asia,Energy and utilities,,,,,,,,
2022,ACS,Europe,Engineering and construction,,,1,,,,,
2022,Toronto-Dominion Bank,North America,Financial services,1,,1,1,1,,,
2022,L'Oréal,Europe,Household and personal products,,1,1,1,,,,
2022,Energie Baden-Wurttemberg,Europe,Energy and utilities,,,1,,1,,,
2022,LG Chem,Asia,Chemicals,,,,1,1,,,
2022,Tata Motors,Asia,Automotive,1,1,,,1,,,
2022,ELO Group,Europe,Retail,,,1,,,,,
2022,Shenzhen Investment Holdings,Asia,Financial services,,,,,,,,
2022,SK Hynix,Asia,Industrial goods,1,,,1,,,,
2022,Barclays,Europe,Financial services,1,,1,1,1,,,
2022,Enbridge,North America,Oil and gas,,,,1,1,,,
2022,Cathay Financial Holding,Asia,Financial services,,,,,,,,
2022,Meiji Yasuda Life Insurance,Asia,Financial services,,,,1,,,,
2022,Poste Italiane,Europe,Financial services,,,1,,1,,,
2022,USAA,North America,Financial services,,,,,,,,
2022,Finatis,Europe,Retail,,,,,,,,
2022,AstraZeneca,Europe,Health care and pharmaceuticals,1,1,,1,,,,
2022,KB Financial Group,Asia,Financial services,,1,1,,-1,,,
2022,Sompo Holdings,Asia,Financial services,,,,1,,,,
2022,Cenovus Energy,North America,Metals and mining,,,,1,1,,,
2022,CRRC Group,Asia,Industrial goods,,,,,,,,
2022,Jingye Group,Asia,Metals and mining,,,,,,,,
2022,Northwestern Mutual,North America,Financial services,,,,,,,,
2022,Sumitomo Mitsui Financial Group,Asia,Financial services,,,,1,1,,,
2022,Nucor,North America,Metals and mining,,,,,1,,,
2022,Hyundai Mobis,Asia,Automotive,1,,1,,,,,
2022,Exelon,North America,Energy and utilities,,,,1,,,,
2022,Magna International,North America,Automotive,,,1,,,,,
2022,CK Hutchison Holdings,Asia,Retail,,,,,,,,
2022,Phoenix Pharma,Europe,Retail,,,,1,,,,
2022,Massachusetts Mutual Life Insurance,North America,Financial services,,,,1,1,,,
2022,Kuehne + Nagel International,Europe,Transportation and logistics,,1,1,,,,,
2022,Jardine Matheson,North America,Automotive,,,,,,,,
2022,Raízen,Other,Oil and gas,,,,,,,,
2022,Northrop Grumman,North America,Aerospace and defense,,,,1,1,,,
2022,TongLing Nonferrous Metals Group,Asia,Metals and mining,,,,,,,,
2022,Mitsubishi Corp,Asia,Financial services,,,,1,,,,
2022,3M,North America,Chemicals,1,,1,,,,,
2022,British American Tobacco,Europe,"Food, beverages and agriculture",,1,1,1,,,,
2022,Mizuho Financial Group,Asia,Financial services,,,1,1,,,,
2022,Haier Smart Home,Asia,Industrial goods,,,,,,,,
2022,Olam Group,Asia,Retail,,1,,,,,,
2022,Zijin Mining Group,Asia,Metals and mining,,,1,,,,,
2022,Heraeus Holding,Europe,Metals and mining,,,1,,,,,
2022,Aisin,Asia,Automotive,,,1,,-1,,,
2022,Travelers,North America,Financial services,,,1,,,,,
2022,China Datang,Asia,Energy and utilities,,,,,,,,
2022,Longfor Group Holdings,Asia,Real estate,,,,,,,,
2022,Shudao Investment Group,Asia,Engineering and construction,,,,,,,,
2022,China National Aviation Fuel Group,Asia,Oil and gas,,,,,,,,
2022,Arrow Electronics,North America,Retail,,,,,,,,
2022,New China Life Insurance,Asia,Financial services,,,,,,,,
2022,Honeywell International,North America,Industrial goods,,,1,,,,,
2022,Mitsubishi Heavy Industries,Asia,Industrial goods,,,,1,1,,,
2022,Dollar General,North America,Retail,,,,,,,,
2022,Schneider Electric,Europe,Industrial goods,1,1,1,1,1,,,
2022,Hunan Iron & Steel Group,Asia,Metals and mining,,,,,,,,
2022,Lu'an Chemical Group,Asia,Metals and mining,,,,,,,,
2022,Siemens Energy,Europe,Energy and utilities,,1,1,1,1,,,
2022,PKN ORLEN Group,Other,Oil and gas,,,,1,,,,
2022,ING Group,Europe,Financial services,1,,1,1,1,,,
2022,Phoenix Group Holdings,Europe,Financial services,,,,1,1,,,
2022,Veolia Environnement,Europe,Energy and utilities,,1,,1,1,,,
2022,Coop Group,Europe,Retail,,,1,1,1,,,
2022,Qualcomm,North America,Industrial goods,,,,1,-1,,,
2022,Shanghai Pharmaceuticals Holding,Asia,Retail,,,,,,,,
2022,Shanxi Coking Coal Group,Asia,Metals and mining,,,,,,,,
2022,CarMax,North America,Retail,,,,1,1,,,
2022,SAP,Europe,Technology,,1,1,1,1,,,
2022,Xinjiang Zhongtai Group,Asia,Chemicals,,,,,,,,
2022,Tata Steel,Asia,Metals and mining,,,,,,,,
2022,BYD,Asia,Automotive,,,,,,,,
2022,Rajesh Exports,Asia,Financial services,,,,,-1,,,
2022,Inditex,Europe,Retail,,1,,1,,,,
2022,Banco Bradesco,Other,Financial services,,,1,1,1,,,
2022,Fubon Financial Holding,Asia,Financial services,,,,,,,,
2022,S.F. Holding,Asia,Transportation and logistics,,,,,1,,,
2022,Sumitomo Life Insurance,Asia,Financial services,,,,1,,,,
2022,Capital One Financial,North America,Financial services,1,,,,1,,,
2022,Canon,Asia,Technology,,,,1,1,,,
2022,Guangxi Investment Group,Asia,Financial services,,,,,,,,
2022,Fujitsu,Asia,Technology,1,1,,1,1,,,
2022,Yunnan Provincial Investment Holding Group,Asia,Financial services,,,,,,,,
2022,Takeda Pharmaceutical,Asia,Health care and pharmaceuticals,,1,1,1,1,,,
2022,Suzuki Motor,Asia,Automotive,,,,1,-1,,,
2022,Migros Group,Europe,Retail,,1,1,1,1,,,
2022,TD Synnex,North America,Retail,,,,1,,,,
2022,Weichai Power,Asia,Industrial goods,,,,,,,,
2022,Xinjiang Guanghui Industry Investment,Asia,Financial services,,,,,,,,
2022,Philip Morris International,North America,"Food, beverages and agriculture",,1,1,1,1,,,
2022,World Fuel Services,North America,Energy and utilities,,,1,,1,,,
2022,Bank of Nova Scotia,North America,Financial services,,,,1,,,,
2022,Suncor Energy,North America,Oil and gas,,,,1,,,,
2022,Shandong Hi-Speed Group,Asia,Transportation and logistics,,,,,,,,
2022,Hailiang Group,Asia,Financial services,,,,,,,,
2022,CRH,Europe,Industrial goods,,1,1,,,,,
2022,Investor,Europe,Financial services,,,,1,,,,
2022,Wistron,Asia,Technology,,,,,,,,
2022,Linde,Europe,Chemicals,,,,,,,,
2022,Samsung Life Insurance,Asia,Financial services,,,1,,-1,,,
2022,Banco do Brasil,Other,Financial services,,,1,,1,,,
2022,Chengdu Xingcheng Investment Group,Asia,Engineering and construction,,,,,,,,
2022,Guangzhou Pharmaceutical Holdings,Asia,Health care and pharmaceuticals,,,,,,,,
2022,Performance Food Group,North America,Retail,,,,,,,,
2022,Shanghai Delong Steel Group,Asia,Metals and mining,,,,,,,,
2022,GS Caltex,Asia,Oil and gas,,,,,,,,
2022,Mercadona,Europe,Retail,,,,,,,,
2022,CJ Corp.,Asia,"Food, beverages and agriculture",,,1,,1,,,
2022,Medtronic,North America,Health care and pharmaceuticals,,,1,1,1,,,
2022,Samsung C&T,Asia,Financial services,,,,,,,,
2022,CPC,Asia,Oil and gas,,,,,,,,
2022,Sumitomo Electric Industries,Asia,Automotive,,1,1,,,,,
2022,X5 Retail Group,Europe,Retail,,,1,,,,,
2022,Delta Air Lines,North America,Transportation and Logistics,,,1,1,,,,
2022,American Airlines Group,North America,Transportation and Logistics,,1,,1,1,,,
2022,Toshiba,Asia,Industrial goods,,1,,1,1,,,
2022,Netflix,North America,Telecommunications and media,1,1,,1,1,,,
2022,Metro,Europe,Retail,,1,1,,,,,
2022,Paramount Global,North America,Telecommunications and media,,,,,,,,
2022,Bridgestone,Asia,Automotive,,,1,,-1,,,
2022,US Foods Holding,North America,Retail,,,,,,,,
2022,Danaher,North America,Health care and pharmaceuticals,,,,,,,,
2022,Gree Electric Appliances,Asia,Industrial goods,,,,,,,,
2022,Holcim,Europe,Industrial goods,,1,,1,,,,
2022,Medipal Holdings,Asia,Retail,,,,,,,,
2022,Jabil,North America,Industrial goods,,,1,,,,,
2022,Randstad,Europe,Financial services,,,,1,,,,
2022,Starbucks,North America,"Food, beverages and agriculture",1,1,,,,,,
2022,Coles Group,Other,Retail,,,,1,,,,
2022,Credit Suisse Group,Europe,Financial services,1,,1,1,,,,
2022,RWE,Europe,Energy and utilities,,1,1,,,,,
2022,DSV,Europe,Transportation and logistics,,1,,,,,,
2022,ABB,Europe,Industrial goods,1,1,1,,1,,,
2022,Mondelez International,North America,"Food, beverages and agriculture",,1,,1,,,,
2022,Danone,Europe,"Food, beverages and agriculture",1,1,1,,1,,,
2022,Umicore,Other,Chemicals,,,,1,,,,
2023,Walmart,North America,Retail,1,1,,1,,,,
2023,Saudi Aramco,Other,Energy and utilities,,,,1,,,,
2023,State Grid,Asia,Energy and utilities,,,,,,,,
2023,Amazon,North America,Retail,,,,1,,,,
2023,China National Petroleum,Asia,Oil and gas,,,,,,,,
2023,Sinopec Group,Asia,Energy and utilities,,,,,,,,
2023,Exxon Mobil,North America,Energy and utilities,,,,1,,,,
2023,Apple,North America,Technology,1,1,1,,1,,,
2023,Shell,Europe,Energy and utilities,,,,1,,,,
2023,UnitedHealth Group,North America,Health care and pharmaceuticals,,,,1,,,,
2023,CVS Health,North America,Health care and pharmaceuticals,,1,,1,,,,
2023,Trafigura Group,Asia,Retail,,,1,,1,,,
2023,China State Construction Engineering,Asia,Engineering and construction,,,,,,,,
2023,Berkshire Hathaway,North America,Financial services,,,,,,,,
2023,Volkswagen,Europe,Automotive,,1,1,,,,,
2023,Uniper,Europe,Energy and utilities,,,1,,1,,,
2023,Alphabet,North America,Technology,,,,1,1,,,
2023,McKesson,North America,Health care and pharmaceuticals,,1,,,,,,
2023,Toyota Motor,Asia,Automotive,,1,1,,1,,,
2023,TotalEnergies,Europe,Energy and utilities,,,,1,,,,
2023,Glencore,Europe,Energy and utilities,,,,1,,,,
2023,BP,Europe,Energy and utilities,,,,1,,,,
2023,Chevron,North America,Energy and utilities,,,,1,,,,
2023,AmerisourceBergen,North America,Health care and pharmaceuticals,,1,,,,,,
2023,Samsung Electronics,Asia,Technology,1,,,1,,,,
2023,Costco Wholesale,North America,Retail,,,,,,,,
2023,Hon Hai Precision Industry,Asia,Technology,,1,,1,,,,
2023,Industrial & Commercial Bank of China,Asia,Financial services,,,1,,,,,
2023,China Construction Bank,Asia,Financial services,,,,,,,,
2023,Microsoft,North America,Technology,1,1,,1,1,,,
2023,Stellantis,Europe,Automotive,,,,1,,,,
2023,Agricultural Bank of China,Asia,Financial services,,,,,,,,
2023,Ping An Insurance,Asia,Financial services,,,1,,1,,,
2023,Cardinal Health,North America,Health care and pharmaceuticals,,,,,,,,
2023,Cigna,North America,Health care and pharmaceuticals,1,,1,,,,,
2023,Marathon Petroleum,North America,Energy and utilities,,,,,,,,
2023,Phillips 66,North America,Energy and utilities,,,,,,,,
2023,Sinochem Holdings,Asia,Chemicals,,,,,,,,
2023,China Railway Engineering Group,Asia,Engineering and construction,,,,,,,,
2023,Valero Energy,North America,Energy and utilities,,,1,,,,,
2023,Gazprom,Europe,Energy and utilities,,,,,,,,
2023,China National Offshore Oil,Asia,Oil and gas,,,1,,,,,
2023,China Railway Construction,Asia,Engineering and construction,,,,,,,,
2023,China Baowu Steel Group,Asia,Industrial goods,,,1,,,,,
2023,Mitsubishi,Asia,Retail,,,,1,,,,
2023,Ford Motor,North America,Automotive,,1,1,,1,,,
2023,Mercedes-Benz Group,Europe,Automotive,,,1,,,,,
2023,Home Depot,North America,Retail,1,,,,,,,
2023,Bank of China,Asia,Financial services,,,1,,1,,,
2023,General Motors,North America,Automotive,1,1,1,,,,,
2023,Elevance Health,North America,Health care and pharmaceuticals,1,,,1,1,,,
2023,JD.com,Asia,Retail,,,,,,,,
2023,JPMorgan Chase,North America,Financial services,1,,,1,1,,,
2023,China Life Insurance,Asia,Financial services,,,,,,,,
2023,Electricité de France,Europe,Energy and utilities,,1,,1,,,,
2023,Equinor,Europe,Energy and utilities,,,,1,,,,
2023,BMW Group,Europe,Automotive,1,1,1,,1,,,
2023,Kroger,North America,"Food, beverages and agriculture",,,,,,,,
2023,Enel,Europe,Energy and utilities,,1,,1,,,,
2023,Centene,North America,Health care and pharmaceuticals,,,,,,,,
2023,ENI,Europe,Energy and utilities,,,1,,1,,,
2023,China Mobile Communications,Asia,Telecommunications and media,,,,,,,,
2023,China Communications Construction,Asia,Engineering and construction,,,,,,,,
2023,Verizon Communications,North America,Telecommunications and media,,1,,1,,,,
2023,China Minmetals,Asia,Industrial goods,,,,1,,,,
2023,Walgreens Boots Alliance,North America,"Food, beverages and agriculture",,,,,,,,
2023,Allianz,Europe,Financial services,1,,,1,1,,,
2023,Alibaba Group Holding,Asia,Retail,,,1,,1,,,
2023,Xiamen C&D,Asia,Retail,,,,,,,,
2023,Honda Motor,Asia,Automotive,,,1,,,,,
2023,Petrobras,Other,Energy and utilities,,,1,,1,,,
2023,Shandong Energy Group,Asia,Energy and utilities,,,,,,,,
2023,E.ON,Europe,Energy and utilities,,1,1,,1,,,
2023,China Resources,Asia,Health care and pharmaceuticals,,,,,,,,
2023,Fannie Mae,North America,Financial services,,,,,,,,
2023,China Energy Investment,Asia,Energy and utilities,,,,,,,,
2023,Comcast,North America,Telecommunications and media,,,1,,1,,,
2023,AT&T,North America,Telecommunications and media,,1,1,,1,,,
2023,Deutsche Telekom,Europe,Telecommunications and media,1,1,,1,1,,,
2023,Pemex,North America,Energy and utilities,,,,,,,,
2023,Meta Platforms,North America,Technology,1,,,1,,,,
2023,Bank of America,North America,Financial services,1,,,1,1,,,
2023,China Southern Power Grid,Asia,Energy and utilities,,,,,,,,
2023,SAIC Motor,Asia,Automotive,,,,,,,,
2023,Hyundai Motor,Asia,Automotive,1,,,1,,,,
2023,China Post Group,Asia,Transportation and logistics,,,,,,,,
2023,COFCO,Asia,Retail,,,,,,,,
2023,Reliance Industries,Asia,Energy and utilities,,,,1,,,,
2023,Engie,Europe,Energy and utilities,,1,,1,,,,
2023,Target,North America,Retail,1,1,,1,,,,
2023,AXA,Europe,Financial services,1,,,1,1,,,
2023,SK Group,Asia,Energy and utilities,,,,1,,,,
2023,Mitsui,Asia,Retail,,,,1,,,,
2023,Indian Oil,Asia,Energy and utilities,,,,1,,,,
2023,Xiamen ITG Holding Group,Asia,Retail,,,,,,,,
2023,Itochu,Asia,Retail,,,,1,,,,
2023,Dell Technologies,North America,Technology,1,1,,1,,,,
2023,Archer Daniels Midland,North America,"Food, beverages and agriculture",,,,,,,,
2023,Citigroup,North America,Financial services,1,,,1,,,,
2023,CITIC Group,Asia,Financial services,,,,,1,,,
2023,United Parcel Service,North America,Transportation and logistics,,,1,,1,,,
2023,Pfizer,North America,Health care and pharmaceuticals,1,1,,1,1,,,
2023,Deutsche Post DHL Group,Europe,Transportation and logistics,,1,,1,,,,
2023,Banco Santander,Europe,Financial services,,,,1,1,,,
2023,PowerChina,Asia,Engineering and construction,,,,,,,,
2023,Nestlé,Europe,"Food, beverages and agriculture",1,1,,1,,,,
2023,Life Insurance Corp. of India,Asia,Financial services,,,,,,,,
2023,Lowe's,North America,Retail,,,,1,,,,
2023,Nippon Telegraph and Telephone,Asia,Telecommunications and media,,1,1,,1,,,
2023,PTT,Asia,Energy and utilities,,,,1,,,,
2023,Huawei Investment & Holding,Asia,Technology,,,,,,,,
2023,Johnson & Johnson,North America,Health care and pharmaceuticals,1,1,,1,1,,,
2023,Sinopharm,Asia,Retail,,,,,,,,
2023,FedEx,North America,Transportation and logistics,,,1,,,,,
2023,COSCO Shipping,Asia,Transportation and logistics,,1,,1,,,,
2023,Humana,North America,Health care and pharmaceuticals,,,,,,,,
2023,Brookfield Asset Management,North America,Financial services,,,,1,,,,
2023,Bosch Group,Europe,Automotive,,,1,,1,,,
2023,BASF,Europe,Chemicals,,,,1,,,,
2023,People's Insurance Co. of China,Asia,Financial services,,,,,,,,
2023,Royal Ahold Delhaize,Europe,"Food, beverages and agriculture",,1,,1,,,,
2023,ENEOS Holdings,Asia,Energy and utilities,,,1,,,,,
2023,Hengli Group,Asia,Industrial goods,,,,,,,,
2023,Amer International Group,Asia,Industrial goods,,,,,,,,
2023,Carrefour,Europe,"Food, beverages and agriculture",,1,1,,1,,,
2023,Energy Transfer,North America,Energy and utilities,,,,,,,,
2023,BNP Paribas,Europe,Financial services,,,1,,,,,
2023,State Farm Insurance,North America,Financial services,,,,,,,,
2023,Seven & I Holdings,Asia,Retail,1,,1,,,,,
2023,HSBC Holdings,Europe,Financial services,1,,,1,,,,
2023,China FAW Group,Asia,Automotive,,,,,,,,
2023,China Telecommunications,Asia,Telecommunications and media,,,,,,,,
2023,Freddie Mac,North America,Financial services,,,,,,,,
2023,Crédit Agricole,Europe,Financial services,1,,1,,1,,,
2023,PepsiCo,North America,"Food, beverages and agriculture",1,1,,1,,,,
2023,Zhejiang Rongsheng Holding Group,Asia,Chemicals,,,,,,,,
2023,Assicurazioni Generali,Europe,Financial services,,,,1,,,,
2023,Wuchan Zhongda Group,Asia,Retail,,,,,,,,
2023,Petronas,Asia,Energy and utilities,,,,1,,,,
2023,Sony,Asia,Technology,1,1,,1,1,,,
2023,Pertamina,Asia,Energy and utilities,,,,1,,,,
2023,XMXYG,Asia,Retail,,,,,,,,
2023,Christian Dior,Europe,Retail,,,,,,,,
2023,Wells Fargo,North America,Financial services,,,,1,1,,,
2023,Walt Disney,North America,Telecommunications and media,,,,1,,,,
2023,China North Industries Group,Asia,Aerospace and defense,,,,,,,,
2023,Tencent Holdings,Asia,Technology,,1,,1,1,,,
2023,Japan Post Holdings,Asia,Financial services,,,1,,,,,
2023,ConocoPhillips,North America,Energy and utilities,,,,1,,,,
2023,Aviation Industry Corp. of China,Asia,Aerospace and defense,,,,,,,,
2023,Maersk Group,Europe,Transportation and logistics,,,,1,,,,
2023,Tesla,North America,Automotive,,,,,,,,
2023,Hitachi,Asia,Technology,,1,1,,1,,,
2023,Procter & Gamble,North America,Household and personal products,1,1,,1,1,,,
2023,ArcelorMittal,Other,Industrial goods,,,1,,1,,,
2023,Tesco,Europe,"Food, beverages and agriculture",1,1,,1,,,,
2023,Pacific Construction Group,Asia,Engineering and construction,,,,,,,,
2023,Oil & Natural Gas,Asia,Energy and utilities,,,,1,,,,
2023,U.S. Postal Service,North America,Transportation and logistics,,,,,,,,
2023,Nissan Motor,Asia,Automotive,,1,1,,1,,,
2023,Bank of Communications,Asia,Financial services,,,,,,,,
2023,Siemens,Europe,Industrial goods,1,1,,1,,,,
2023,Jinneng Holding Group,Asia,Energy and utilities,,,,,,,,
2023,Albertsons,North America,"Food, beverages and agriculture",,1,,1,,,,
2023,Guangzhou Automobile Industry Group,Asia,Automotive,,,1,,,,,
2023,Aluminum Corp. of China,Asia,Industrial goods,,,,,,,,
2023,General Electric,North America,Industrial goods,,,,1,1,,,
2023,Taiwan Semiconductor Manufacturing,Asia,Technology,1,,,1,,,,
2023,Shaanxi Coal & Chemical Industry,Asia,Energy and utilities,,,,,1,,,
2023,Munich Re Group,Europe,Financial services,,,,1,1,,,
2023,Jiangxi Copper,Asia,Industrial goods,,,,,,,,
2023,Shandong Weiqiao Pioneering Group,Asia,Industrial goods,,,,,,,,
2023,China Vanke,Asia,Financial services,,,,,1,,,
2023,Wilmar International,Asia,"Food, beverages and agriculture",,,,,,,,
2023,China Merchants Group,Asia,Transportation and logistics,,,,,,,,
2023,Toyota Tsusho,Asia,Retail,,,1,,,,,
2023,JBS,Other,"Food, beverages and agriculture",,,,1,,,,
2023,Repsol,Europe,Energy and utilities,,,,1,,,,
2023,China Merchants Bank,Asia,Financial services,,,,,,,,
2023,BHP Group,Other,Energy and utilities,,,,1,,,,
2023,Nippon Life Insurance,Asia,Financial services,,,,1,,,,
2023,Dai-ichi Life Holdings,Asia,Financial services,,,,1,,,,
2023,MetLife,North America,Financial services,,,,1,1,,,
2023,Roche Group,Europe,Health care and pharmaceuticals,,,,1,,,,
2023,Goldman Sachs Group,North America,Financial services,1,,,1,1,,,
2023,Sysco,North America,Retail,,1,,,,,,
2023,Mitsubishi UFJ Financial Group,Asia,Financial services,,,1,,1,,,
2023,Dongfeng Motor,Asia,Automotive,,,,,1,,,
2023,AEON,Asia,"Food, beverages and agriculture",1,1,,1,,,,
2023,Marubeni,Asia,Retail,,,,1,,,,
2023,China Poly Group,Asia,Real estate,,,,,,,,
2023,China Pacific Insurance (Group),Asia,Financial services,,,,,,,,
2023,Beijing Automotive Group,Asia,Automotive,,,1,,,,,
2023,Bunge,North America,"Food, beverages and agriculture",,1,,,,,,
2023,RTX,North America,Aerospace and defense,,,,1,,,,
2023,Kia,Asia,Automotive,1,,1,,1,,,
2023,Boeing,North America,Aerospace and defense,,,,1,,,,
2023,StoneX Group,North America,Financial services,,,,,,,,
2023,Lockheed Martin,North America,Aerospace and defense,,,,,,,,
2023,Morgan Stanley,North America,Financial services,1,,,1,1,,,
2023,POSCO,Asia,Industrial goods,,,,1,,,,
2023,Vinci,Europe,Engineering and construction,,1,1,,1,,,
2023,OMV Group,Other,Energy and utilities,,,,1,,,,
2023,LG Electronics,Asia,Technology,1,1,1,,1,,,
2023,Greenland Holding Group,Asia,Financial services,,,,,,,,
2023,Country Garden Holdings,Asia,Financial services,,,,,,,,
2023,Itaú Unibanco Holding,Other,Financial services,,,,1,1,,,
2023,Société Générale,Europe,Financial services,,,1,,,,,
2023,China Huaneng Group,Asia,Energy and utilities,,,,,,,,
2023,Unilever,Europe,Household and personal products,1,1,,1,,,,
2023,Intel,North America,Technology,1,,,1,,,,
2023,BYD,Asia,Automotive,,,,,,,,
2023,HP,North America,Technology,1,1,,1,1,,,
2023,Alimentation Couche-Tard,North America,Retail,,,,,,,,
2023,TD Synnex,North America,Retail,,,,1,,,,
2023,PKN ORLEN Group,Other,Energy and utilities,,,1,,,,,
2023,Lenovo Group,Asia,Technology,,1,,1,,,,
2023,Panasonic Holdings,Asia,Technology,1,1,,1,,,,
2023,Airbus,Europe,Aerospace and defense,1,1,,1,,,,
2023,Accenture,Europe,Technology,1,1,,1,,,,
2023,Idemitsu Kosan,Asia,Energy and utilities,,,1,,1,,,
2023,Shenghong Holding Group,Asia,Chemicals,,,,,,,,
2023,Industrial Bank,Asia,Financial services,,,,,,,,
2023,IBM,North America,Technology,,,,1,,,,
2023,Zhejiang Geely Holding Group,Asia,Automotive,,,1,,,,,
2023,HCA Healthcare,North America,Health care and pharmaceuticals,,,,,,,,
2023,Prudential Financial,North America,Financial services,,,,1,-1,,,
2023,Louis Dreyfus,Europe,"Food, beverages and agriculture",,,,,,,,
2023,HBIS Group,Asia,Industrial goods,,,1,,,,,
2023,Caterpillar,North America,Industrial goods,,,,,,,,
2023,Merck,North America,Health care and pharmaceuticals,,1,1,,,,,
2023,Deutsche Bahn,Europe,Transportation and logistics,,1,1,,1,,,
2023,Bharat Petroleum,Asia,Energy and utilities,,,,1,,,,
2023,World Kinect,North America,Energy and utilities,,,1,,1,,,
2023,State Bank of India,Asia,Financial services,,,1,,1,,,
2023,Nippon Steel Corporation,Asia,Industrial goods,,,1,,1,,,
2023,Energie Baden-Wurttemberg,Europe,Energy and utilities,,1,1,,1,,,
2023,New York Life Insurance,North America,Financial services,,,,1,,,,
2023,Enterprise Products Partners,North America,Energy and utilities,,,,,,,,
2023,AbbVie,North America,Health care and pharmaceuticals,,1,,,,,,
2023,Anheuser-Busch InBev,Other,"Food, beverages and agriculture",1,1,,1,,,,
2023,Tokyo Electric Power,Asia,Energy and utilities,,,,1,,,,
2023,Plains GP Holdings,North America,Energy and utilities,,,,,,,,
2023,Zhejiang Hengyi Group,Asia,Chemicals,,,,,,,,
2023,Dow,North America,Chemicals,,,1,,,,,
2023,Iberdrola,Europe,Energy and utilities,,1,,1,-1,,,
2023,China National Building Material Group,Asia,Industrial goods,,,,,,,,
2023,American International Group,North America,Financial services,,,,1,,,,
2023,Talanx,Europe,Financial services,,,,1,1,,,
2023,Sberbank,Europe,Financial services,,,1,,,,,
2023,Banco do Brasil,Other,Financial services,,,1,,1,,,
2023,China Electronics Technology Group,Asia,Aerospace and defense,,,,,,,,
2023,American Express,North America,Financial services,1,,,1,1,,,
2023,Rio Tinto Group,Europe,Energy and utilities,,,,1,,,,
2023,Publix Super Markets,North America,"Food, beverages and agriculture",,,,,,,,
2023,China Energy Engineering Group,Asia,Engineering and construction,,,,,,,,
2023,Tsingshan Holding Group,Asia,Industrial goods,,,,,,,,
2023,Korea Electric Power,Asia,Energy and utilities,,,,,,,,
2023,Koç Holding,Other,Energy and utilities,,,1,,,,,
2023,Shanghai Pudong Development Bank,Asia,Financial services,,,,,,,,
2023,Charter Communications,North America,Telecommunications and media,,,1,,,,,
2023,State Power Investment,Asia,Energy and utilities,,,,,,,,
2023,Saint-Gobain,Europe,Industrial goods,,1,,1,,,,
2023,Daimler Truck Holding,Europe,Automotive,,,1,,,,,
2023,Bayer,Europe,Health care and pharmaceuticals,,1,,1,1,,,
2023,Tyson Foods,North America,"Food, beverages and agriculture",,1,,1,,,,
2023,China United Network Communications,Asia,Telecommunications and media,,,,,,,,
2023,Deere,North America,Industrial goods,,1,,,,,,
2023,Shaanxi Yanchang Petroleum (Group),Asia,Energy and utilities,,,,,,,,
2023,Royal Bank of Canada,North America,Financial services,,,,1,1,,,
2023,Novartis,Europe,Health care and pharmaceuticals,1,1,,1,1,,,
2023,China State Shipbuilding,Asia,Transportation and logistics,,,,,,,,
2023,Banco Bradesco,Other,Financial services,,,,1,1,,,
2023,Cisco Systems,North America,Technology,,1,,1,,,,
2023,Nationwide,North America,Financial services,,,,1,1,,,
2023,Allstate,North America,Financial services,,,,1,,,,
2023,Cenovus Energy,North America,Energy and utilities,,,,1,,,,
2023,Midea Group,Asia,Industrial goods,,,,,,,,
2023,Sinomach,Asia,Industrial goods,,,,,,,,
2023,Delta Air Lines,North America,Transportation and logistics,,1,,1,,,,
2023,LyondellBasell Industries,Europe,Chemicals,,,,1,,,,
2023,Sumitomo,Asia,Retail,,,1,,1,,,
2023,Ansteel Group,Asia,Industrial goods,,,,,,,,
2023,Liberty Mutual Insurance Group,North America,Financial services,,,,,,,,
2023,TJX,North America,Retail,,,,1,,,,
2023,Renault,Europe,Automotive,,1,1,,,,,
2023,Progressive,North America,Financial services,,,,1,1,,,
2023,Edeka Zentrale,Europe,Retail,,,,,,,,
2023,Jinchuan Group,Asia,Industrial goods,,,,,,,,
2023,Tokio Marine Holdings,Asia,Financial services,,,,1,1,,,
2023,American Airlines Group,North America,Transportation and logistics,,1,,1,,,,
2023,Contemporary Amperex Technology,Asia,Automotive,,,,,,,,
2023,Energi Danmark Group,Europe,Energy and utilities,,,1,,1,,,
2023,Toronto-Dominion Bank,North America,Financial services,1,,,1,1,,,
2023,SoftBank Group,Asia,Telecommunications and media,,1,1,,,,,
2023,Hanwha,Asia,Financial services,,,,,,,,
2023,ING Group,Europe,Financial services,1,,,1,1,,,
2023,CHS,North America,"Food, beverages and agriculture",,,,,,,,
2023,Sanofi,Europe,Health care and pharmaceuticals,1,1,,1,1,,,
2023,Groupe BPCE,Europe,Financial services,,,1,,,,,
2023,Raízen,Other,Energy and utilities,,,,,,,,
2023,Vodafone Group,Europe,Telecommunications and media,1,1,,1,,,,
2023,Denso,Asia,Automotive,,,1,,1,,,
2023,Performance Food Group,North America,Retail,,,,,,,,
2023,HD Hyundai,Asia,Energy and utilities,,,,,,,,
2023,PBF Energy,North America,Energy and utilities,,,1,,,,,
2023,Volvo,Europe,Automotive,,1,,1,,,,
2023,Nike,North America,Retail,1,1,,1,,,,
2023,Bouygues,Europe,Engineering and construction,,,,,,,,
2023,Zhejiang Communications Investment Group,Asia,Transportation and logistics,,,,,,,,
2023,Best Buy,North America,Retail,,1,,1,,,,
2023,Bristol-Myers Squibb,North America,Health care and pharmaceuticals,,,1,,1,,,
2023,Susun Construction Group,Asia,Engineering and construction,,,,,,,,
2023,Ingka Group,Europe,Retail,1,1,,1,-1,,,
2023,ZF Friedrichshafen,Europe,Automotive,,1,,1,,,,
2023,Swiss Re,Europe,Financial services,1,,,1,1,,,
2023,EXOR Group,Europe,Financial services,,,,1,1,,,
2023,Banco Bilbao Vizcaya Argentaria,Europe,Financial services,,,,1,1,,,
2023,Orange,Europe,Telecommunications and media,,1,,1,,,,
2023,Jingye Group,Asia,Industrial goods,,,,,,,,
2023,Sumitomo Mitsui Financial Group,Asia,Financial services,,,,1,,,,
2023,GS Caltex,Asia,Energy and utilities,,,,,,,,
2023,China Huadian,Asia,Energy and utilities,,,,,,,,
2023,Veolia Environnement,Europe,Energy and utilities,,1,,1,,,,
2023,Barclays,Europe,Financial services,1,,,1,1,,,
2023,United Airlines Holdings,North America,Transportation and logistics,,,,1,,,,
2023,Suncor Energy,North America,Energy and utilities,,,,1,,,,
2023,Thermo Fisher Scientific,North America,Health care and pharmaceuticals,,1,,1,,,,
2023,China Minsheng Banking,Asia,Financial services,,,,,,,,
2023,ThyssenKrupp,Europe,Industrial goods,,1,1,,,,,
2023,AstraZeneca,Europe,Health care and pharmaceuticals,1,1,,1,1,,,
2023,Vale,Other,Energy and utilities,,,,1,,,,
2023,Pegatron,Asia,Technology,,,,,,,,
2023,Qualcomm,North America,Technology,,1,,1,,,,
2023,Woolworths Group,Other,"Food, beverages and agriculture",1,1,,1,,,,
2023,George Weston,North America,"Food, beverages and agriculture",,,,1,,,,
2023,Tata Motors,Asia,Automotive,1,,,1,,,,
2023,Abbott Laboratories,North America,Health care and pharmaceuticals,,1,,,,,,
2023,KB Financial Group,Asia,Financial services,1,1,,1,,,,
2023,SNCF Group,Europe,Transportation and logistics,,1,1,,,,,
2023,China South Industries Group,Asia,Aerospace and defense,,,,,,,,
2023,Chubb,Europe,Financial services,,,1,,1,,,
2023,GSK,Europe,Health care and pharmaceuticals,1,1,,1,,,,
2023,Coca-Cola,North America,"Food, beverages and agriculture",1,1,,1,,,,
2023,Quanta Computer,Asia,Technology,,,1,,,,,
2023,Fresenius,Europe,Health care and pharmaceuticals,,,1,,,,,
2023,UBS Group,Europe,Financial services,1,,,1,,,,
2023,Jiangsu Shagang Group,Asia,Industrial goods,,,,,,,,
2023,América Móvil,North America,Telecommunications and media,,1,,1,,,,
2023,Mizuho Financial Group,Asia,Financial services,,,,1,1,,,
2023,Shanghai Construction Group,Asia,Engineering and construction,,,,,,,,
2023,Oracle,North America,Technology,,,,1,,,,
2023,Rajesh Exports,Asia,Retail,,,,,,,,
2023,Deutsche Bank,Europe,Financial services,1,,,1,,,,
2023,Telefónica,Europe,Telecommunications and media,1,1,,1,,,,
2023,China National Coal Group,Asia,Oil and gas,,,,,,,,
2023,KDDI,Asia,Telecommunications and media,1,1,,1,1,,,
2023,Zurich Insurance Group,Europe,Financial services,1,,,1,1,,,
2023,Shanxi Coking Coal Group,Asia,Energy and utilities,,,,,,,,
2023,Xiaomi,Asia,Technology,,,,,,,,
2023,Nucor,North America,Industrial goods,,,,,,,,
2023,Continental,Europe,Automotive,1,1,1,,1,,,
2023,New Hope Holding Group,Asia,"Food, beverages and agriculture",,,,,,,,
2023,Kuehne + Nagel International,Europe,Transportation and logistics,,1,,1,,,,
2023,Enbridge,North America,Energy and utilities,,,,1,,,,
2023,TIAA,North America,Financial services,,,,1,,,,
2023,RWE,Europe,Energy and utilities,,1,1,,,,,
2023,China Electronics,Asia,Technology,,,,,,,,
2023,Massachusetts Mutual Life Insurance,North America,Financial services,,,,1,,,,
2023,L'Oréal,Europe,Household and personal products,,1,,1,1,,,
2023,LG Chem,Asia,Chemicals,,,,1,1,,,
2023,Hyundai Mobis,Asia,Automotive,1,,,1,,,,
2023,Zijin Mining Group,Asia,Industrial goods,,,1,,1,,,
2023,Korea Gas,Asia,Energy and utilities,,,1,,,,,
2023,Meiji Yasuda Life Insurance,Asia,Financial services,,,,1,,,,
2023,Olam Group,Asia,Retail,,1,,,,,,
2023,S.F. Holding,Asia,Transportation and logistics,,,,,,,,
2023,CPC,Asia,Energy and utilities,,,,,,,,
2023,General Dynamics,North America,Aerospace and defense,,,,,,,,
2023,Guangzhou Municipal Construction Group,Asia,Engineering and construction,,,,,,,,
2023,China National Nuclear,Asia,Energy and utilities,,,,,,,,
2023,JFE Holdings,Asia,Industrial goods,,,1,,,,,
2023,Intesa Sanpaolo,Europe,Financial services,,,,1,1,,,
2023,MS&AD Insurance Group Holdings,Asia,Financial services,,,,1,,,,
2023,China Taiping Insurance Group,Asia,Financial services,,,,1,,,,
2023,Capital One Financial,North America,Financial services,1,,1,,-1,,,
2023,HF Sinclair,North America,Energy and utilities,,,,,,,,
2023,Phoenix Pharma,Europe,Health care and pharmaceuticals,,,1,,1,,,
2023,Shudao Investment Group,Asia,Engineering and construction,,,,,,,,
2023,J. Sainsbury,Europe,"Food, beverages and agriculture",,1,,1,,,,
2023,Shenzhen Investment Holdings,Asia,Financial services,,,,,,,,
2023,Nutrien,North America,"Food, beverages and agriculture",,,,,,,,
2023,Dollar General,North America,Retail,,,,,,,,
2023,Magna International,North America,Automotive,,,1,,1,,,
2023,Jardine Matheson,North America,Automotive,,,,,,,,
2023,China Datang,Asia,Energy and utilities,,,,,,,,
2023,Ecopetrol,Other,Energy and utilities,,,,1,,,,
2023,X5 Retail Group,Europe,"Food, beverages and agriculture",,,1,,,,,
2023,Power Corp. of Canada,North America,Financial services,,,,1,,,,
2023,China Aerospace Science & Industry,Asia,Aerospace and defense,,,,,,,,
2023,GasTerra,Europe,Energy and utilities,,,,,,,,
2023,Longfor Group Holdings,Asia,Financial services,,,,,1,,,
2023,La Poste,Europe,Transportation and logistics,,1,,1,1,,,
2023,Arrow Electronics,North America,Retail,,,,,,,,
2023,Occidental Petroleum,North America,Energy and utilities,,,,1,,,,
2023,Caixa Econômica Federal,Other,Financial services,,,,,,,,
2023,Mitsubishi Electric,Asia,Industrial goods,,1,,1,,,,
2023,Northwestern Mutual,North America,Financial services,,,,,,,,
2023,Travelers,North America,Financial services,,,1,,,,,
2023,Shougang Group,Asia,Industrial goods,,,,,,,,
2023,Hangzhou Iron and Steel Group,Asia,Industrial goods,,,,,,,,
2023,Xinjiang Zhongtai Group,Asia,Chemicals,,,,,,,,
2023,Northrop Grumman,North America,Aerospace and defense,,,,1,,,,
2023,Guangzhou Industrial Investment Holdings,Asia,Industrial goods,,,,,,,,
2023,Bank of Nova Scotia,North America,Financial services,,,,1,,,,
2023,Hapag-Lloyd,Europe,Transportation and logistics,,,1,,,,,
2023,USAA,North America,Financial services,,,,,,,,
2023,Daiwa House Industry,Asia,Engineering and construction,1,1,,1,,,,
2023,Haier Smart Home,Asia,Industrial goods,,,,1,,,,
2023,Compal Electronics,Asia,Technology,,,,1,,,,
2023,Schneider Electric,Europe,Industrial goods,1,1,,1,1,,,
2023,Finatis,Europe,"Food, beverages and agriculture",,,,,,,,
2023,ELO Group,Europe,"Food, beverages and agriculture",,1,,,,,,
2023,Naturgy Energy Group,Europe,Energy and utilities,,,1,,1,,,
2023,Honeywell International,North America,Industrial goods,,1,1,,1,,,
2023,Guangzhou Pharmaceutical Holdings,Asia,Health care and pharmaceuticals,,,,,,,,
2023,Guangdong Guangxin Holdings,Asia,Financial services,,,,,,,,
2023,ACS,Europe,Engineering and construction,,,1,,1,,,
2023,Vibra Energia,Other,Energy and utilities,,,1,,1,,,
2023,Anglo American,Other,Energy and utilities,,,1,,,,,
2023,Taikang Insurance Group,Asia,Financial services,,,,,,,,
2023,Shaanxi Construction Engineering Holding,Asia,Engineering and construction,,,,,,,,
2023,Bank of Montreal,North America,Financial services,,,,1,1,,,
2023,CRRC Group,Asia,Industrial goods,,,1,,,,,
2023,Coop Group,Europe,"Food, beverages and agriculture",,1,,1,,,,
2023,TongLing Nonferrous Metals Group,Asia,Industrial goods,,,,,,,,
2023,SK Hynix,Asia,Technology,1,,,1,,,,
2023,Shanghai Pharmaceuticals Holding,Asia,Health care and pharmaceuticals,,,,,,,,
2023,Lufthansa Group,Europe,Transportation and logistics,,,1,,1,,,
2023,Shandong Hi-Speed Group,Asia,Transportation and logistics,,,,,,,,
2023,Suzuki Motor,Asia,Automotive,,,1,,,,,
2023,Mitsubishi Chemical Holdings,Asia,Chemicals,,,1,,,,,
2023,3M,North America,Chemicals,1,,1,,,,,
2023,Inditex,Europe,Retail,,1,,1,,,,
2023,British American Tobacco,Europe,"Food, beverages and agriculture",,1,,1,1,,,
2023,US Foods Holding,North America,Retail,,1,,,,,,
2023,Sompo Holdings,Asia,Financial services,,,,1,,,,
2023,Magnit,Europe,"Food, beverages and agriculture",,,,,,,,
2023,Warner Bros. Discovery,North America,Telecommunications and media,,,,,,,,
2023,Lennar,North America,Engineering and construction,,,,,,,,
2023,Shanghai Delong Steel Group,Asia,Industrial goods,,,,,,,,
2023,Poste Italiane,Europe,Financial services,,,1,,1,,,
2023,CK Hutchison Holdings,Asia,Retail,,1,,1,,,,
2023,Fomento Económico Mexicano,North America,"Food, beverages and agriculture",,,,,,,,
2023,D.R. Horton,North America,Engineering and construction,,,,,,,,
2023,Jabil,North America,Technology,,,1,,,,,
2023,Samsung C&T,Asia,Retail,,,1,,,,,
2023,Cheniere Energy,North America,Energy and utilities,,,,,,,,
2023,CRH,Europe,Industrial goods,,1,,1,,,,
2023,Linde,Europe,Chemicals,,1,1,,,,,
2023,DSV,Europe,Transportation and logistics,,1,,1,,,,
2023,Broadcom,North America,Technology,,,,,,,,
2023,Wistron,Asia,Technology,,,1,,,,,
2023,Anhui Conch Group,Asia,Industrial goods,,,,,,,,
2023,Beijing Jianlong Heavy Industry Group,Asia,Industrial goods,,,,,,,,
2023,Hunan Iron & Steel Group,Asia,Industrial goods,,,,,,,,
2023,Meituan,Asia,Retail,,,,,,,,
2023,Lu'an Chemical Group,Asia,Energy and utilities,,,,,,,,
2023,Compass Group,Europe,Retail,,1,,1,,,,
2023,Aisin,Asia,Automotive,,,1,,,,,
2023,Canadian Natural Resources,North America,Energy and utilities,,,,,,,,
2023,SAP,Europe,Technology,1,1,,1,1,,,
2023,Starbucks,North America,Retail,1,1,,,,,,
2023,Metro,Europe,Retail,,1,1,,,,,
2023,Molina Healthcare,North America,Health care and pharmaceuticals,,,,,,,,
2023,Tongwei Group,Asia,Energy and utilities,,,1,,1,,,
2023,Uber Technologies,North America,Technology,,,,1,,,,
2023,New China Life Insurance,Asia,Financial services,,,,,,,,
2023,Luxshare Precision Industry,Asia,Technology,,,1,,1,,,
2023,Philip Morris International,North America,"Food, beverages and agriculture",,1,,1,1,,,
2023,CJ Corp.,Asia,"Food, beverages and agriculture",,,1,,,,,
2023,Medtronic,North America,Health care and pharmaceuticals,,,,1,,,,
2023,China National Aviation Fuel Group,Asia,Financial services,,,,,,,,
2023,Netflix,North America,Telecommunications and media,,1,,1,,,,
2023,Migros Group,Europe,"Food, beverages and agriculture",,1,,1,1,,,
2023,NRG Energy,North America,Energy and utilities,,1,,1,,,,
2023,Mondelez International,North America,"Food, beverages and agriculture",,1,,1,,,,
2023,Air Liquide,Europe,Chemicals,,1,1,,,,,
2023,Danaher,North America,Health care and pharmaceuticals,,,,,,,,
2023,Siemens Energy,Europe,Energy and utilities,,1,1,,1,,,
2023,Salesforce,North America,Technology,,,,1,,,,
2023,Paramount Global,North America,Telecommunications and media,,,,,,,,
2023,Chengdu Xingcheng Investment Group,Asia,Engineering and construction,,,,,,,,
2023,Bridgestone,Asia,Automotive,,1,1,,,,,
2023,Guangxi Investment Group,Asia,Financial services,,,,,,,,
2023,Samsung Life Insurance,Asia,Financial services,1,,1,,1,,,
2023,Sumitomo Life Insurance,Asia,Financial services,,,,1,,,,
2023,CarMax,North America,Retail,,,,1,,,,
2023,Mitsubishi Heavy Industries,Asia,Industrial goods,,,1,,,,,
2023,Xinjiang Guanghui Industry Investment,Asia,Retail,,,,,,,,
2024,3M,North America,Chemicals,1,,1,,1,,,
2024,ABB,Europe,Industrial goods,1,1,,1,1,,,
2024,Abbott Laboratories,North America,Health care and pharmaceuticals,,1,,,,,,
2024,AbbVie,North America,Health care and pharmaceuticals,,1,,1,1,,,
2024,Accenture,Europe,Financial services,1,1,,1,1,,,
2024,ACS,Europe,Engineering and construction,,,1,,,,,
2024,AEON,Asia,Retail,1,1,,1,1,,,
2024,Agricultural Bank of China,Asia,Financial services,,,,,,,,
2024,AIA Group,Asia,Financial services,,1,,1,,,,
2024,AIG,North America,Financial services,,,,1,,,,
2024,Air France-KLM Group,Europe,Transportation and logistics,,1,,1,,,,
2024,Airbus,Europe,Aerospace and defense,,1,,1,1,,,
2024,Aisin,Asia,Automotive,,1,1,,1,,,
2024,Albertsons,North America,Retail,,1,,1,1,,,
2024,Alibaba Group Holding,Asia,Retail,,,1,,1,,,
2024,Alimentation Couche-Tard,North America,Retail,,,1,,1,,,
2024,Allianz,Europe,Financial services,1,,,1,1,,,
2024,Allstate,North America,Financial services,,,,1,,,,
2024,Alphabet,North America,Technology,,,,1,1,,,
2024,Aluminum Corp. of China,Asia,Metals and mining,,,,,,,,
2024,Amazon,North America,Retail,,,,1,1,,,
2024,America Movil,North America,Telecommunications and media,,1,,,,,,
2024,American Airlines Group,North America,Transportation and Logistics,,1,,1,1,,,
2024,American Express,North America,Financial services,1,,,1,1,,,
2024,Anheuser-Busch InBev,Europe,"Food, beverages and agriculture",1,1,,1,1,,,
2024,Ansteel Group,Asia,Metals and mining,,,,,,,,
2024,ANZ Group Holdings,Other,Financial services,1,,,1,,,,
2024,Apollo Global Management,North America,Financial services,,,1,,1,,,
2024,Apple,North America,Technology,1,1,1,,1,,,
2024,ArcelorMittal,Europe,Metals and mining,,,,1,1,,,
2024,Archer Daniels Midland,North America,"Food, beverages and agriculture",,,,,,,,
2024,Arrow Electronics,North America,Retail,,,,,,,,
2024,Assicurazioni Generali,Europe,Financial services,,,,1,1,,,
2024,AstraZeneca,Europe,Health care and pharmaceuticals,1,1,,1,1,,,
2024,AT&T,North America,Telecommunications and media,,1,1,,1,,,
2024,Aviation Industry Corp. of China,Asia,Aerospace and defense,,,,1,1,,,
2024,AXA,Europe,Financial services,1,,,1,1,,,
2024,Banco Bilbao Vizcaya Argentaria,Europe,Financial services,,,,1,1,,,
2024,Banco Bradesco,Other,Financial services,,,,1,1,,,
2024,Banco do Brasil,Other,Financial services,,,1,,1,,,
2024,Banco Santander,Europe,Financial services,,,,1,1,,,
2024,Bank of America,North America,Financial services,,,,1,1,,,
2024,Bank of China,Asia,Financial services,,,1,,,,,
2024,Bank of Communications,Asia,Financial services,,,,,,,,
2024,Bank of Montreal,North America,Financial services,,,,1,1,,,
2024,Bank of New York Mellon,North America,Financial services,,,1,,1,,,
2024,Bank of Nova Scotia,North America,Financial services,,,,1,1,,,
2024,Barclays,Europe,Financial services,1,,,1,,,,
2024,BASF,Europe,Chemicals,,,,1,1,,,
2024,Bayer,Europe,Health care and pharmaceuticals,,1,,1,1,,,
2024,Beijing Automotive Group,Asia,Automotive,,,,,,,,
2024,Beijing Jianlong Heavy Industry Group,Asia,Metals and mining,,,,,,,,
2024,Berkshire Hathaway,North America,Financial services,,,,,,,,
2024,Best Buy,North America,Retail,,1,,1,1,,,
2024,Bharat Petroleum,Asia,Oil and gas,,,,1,1,,,
2024,BHP Group,Other,Metals and mining,,,,1,1,,,
2024,BMW Group,Europe,Automotive,1,1,,1,1,,,
2024,BNP Paribas,Europe,Financial services,,,1,,1,,,
2024,Boeing,North America,Aerospace and defense,,,1,,1,,,
2024,Bosch Group,Europe,Automotive,,,1,,1,,,
2024,Bouygues,Europe,Engineering and construction,,1,,,,,,
2024,BP,Europe,Oil and gas,,,,1,1,,,
2024,Bristol-Myers Squibb,North America,Health care and pharmaceuticals,,1,,1,1,,,
2024,British American Tobacco,Europe,"Food, beverages and agriculture",,1,,1,1,,,
2024,Broadcom,North America,Technology,,,,,,,,
2024,Brookfield,North America,Financial services,,,,1,,,,
2024,Bunge,North America,"Food, beverages and agriculture",,1,,,,,,
2024,BYD,Asia,Automotive,,,,,,,,
2024,Caixa Economica Federal,Other,Financial services,,,,,,,,
2024,Canadian Imperial Bank of Commerce,North America,Financial services,,,,1,1,,,
2024,Capital One Financial,North America,Financial services,1,,1,,-1,,,
2024,Cardinal Health,North America,Retail,,1,,,,,,
2024,Carrefour,Europe,Retail,,1,1,,,,,
2024,Caterpillar,North America,Industrial goods,,,,,,,,
2024,Cencora,North America,Retail,,1,,,,,,
2024,Cenovus Energy,North America,Metals and mining,,,,1,,,,
2024,Centene,North America,Health care and pharmaceuticals,,,,,,,,
2024,Centrica,Europe,Energy and utilities,,,,1,,,,
2024,CFE,North America,Industrial goods,,,,,,,,
2024,Charter Communications,North America,Telecommunications and media,,,1,,,,,
2024,Chery Holding Group,Asia,Automotive,,,,,,,,
2024,Chevron,North America,Oil and gas,,,,1,1,,,
2024,China Baowu Steel Group,Asia,Metals and mining,,,1,,,,,
2024,China Communications Construction,Asia,Engineering and construction,,,,,,,,
2024,China Construction Bank,Asia,Financial services,,,,,,,,
2024,China Datang,Asia,Energy and utilities,,,,,,,,
2024,China Electronics,Asia,Industrial goods,,,,,,,,
2024,China Electronics Technology Group,Asia,Aerospace and defense,,,,,,,,
2024,China Energy Engineering Group,Asia,Engineering and construction,,,,,,,,
2024,China Energy Investment,Asia,Metals and mining,,,,,,,,
2024,China FAW Group,Asia,Automotive,,,,,,,,
2024,China Huadian,Asia,Energy and utilities,,,,,,,,
2024,China Huaneng Group,Asia,Energy and utilities,,,,,,,,
2024,China Life Insurance,Asia,Financial services,,,,,,,,
2024,China Merchants Bank,Asia,Financial services,,,,,,,,
2024,China Minmetals,Asia,Metals and mining,,,,,,,,
2024,China Minsheng Banking,Asia,Financial services,,,,,,,,
2024,China Mobile Communications,Asia,Telecommunications and media,,,,,,,,
2024,China National Aviation Fuel Group,Asia,Oil and gas,,,,,,,,
2024,China National Building Material Group,Asia,Industrial goods,,,,1,,,,
2024,China National Coal Group,Asia,Metals and mining,,,,,,,,
2024,China National Nuclear,Asia,Energy and utilities,,,,,,,,
2024,China National Offshore Oil,Asia,Metals and mining,,,1,,1,,,
2024,China National Petroleum,Asia,Oil and gas,,,,,,,,
2024,China North Industries Group,Asia,Aerospace and defense,,,,,,,,
2024,China Pacific Insurance (Group),Asia,Financial services,,,,,,,,
2024,China Poly Group,Asia,Real estate,,,,,,,,
2024,China Post Group,Asia,Transportation and logistics,,,,,,,,
2024,China Railway Construction,Asia,Engineering and construction,,,,,,,,
2024,China Railway Engineering Group,Asia,Engineering and construction,,,,,,,,
2024,China Resources,Asia,Health care and pharmaceuticals,,,,,,,,
2024,China South Industries Group,Asia,Aerospace and defense,,,,,,,,
2024,China Southern Power Grid,Asia,Energy and utilities,,,,,,,,
2024,China State Construction Engineering,Asia,Engineering and construction,,,1,,,,,
2024,China State Shipbuilding,Asia,Transportation and logistics,,,,,,,,
2024,China Telecommunications,Asia,Telecommunications and media,,,,,,,,
2024,China United Network Communications,Asia,Telecommunications and media,,,,,,,,
2024,China Vanke,Asia,Real estate,,,,,,,,
2024,Christian Dior,Europe,Household and personal products,,,,,,,,
2024,CHS,North America,"Food, beverages and agriculture",,,,,,,,
2024,Chubb,Europe,Financial services,,,,,,,,
2024,Cigna,North America,Health care and pharmaceuticals,1,,1,,1,,,
2024,Cisco Systems,North America,Telecommunications and media,1,1,,1,,,,
2024,CITIC Group,Asia,Financial services,,,,,,,,
2024,Citigroup,North America,Financial services,,,,1,1,,,
2024,CK Hutchison Holdings,Asia,Retail,,1,,1,1,,,
2024,Coca-Cola,North America,"Food, beverages and agriculture",,1,,1,1,,,
2024,COFCO,Asia,Financial services,,1,,,,,,
2024,Comcast,North America,Telecommunications and media,,,1,,,,,
2024,Commonwealth Bank of Australia,Other,Financial services,,,,1,1,,,
2024,Compass Group,Europe,"Food, beverages and agriculture",,1,,1,1,,,
2024,ConocoPhillips,North America,Metals and mining,,,,1,1,,,
2024,Contemporary Amperex Technology,Asia,Automotive,,,1,,,,,
2024,Continental,Europe,Automotive,1,1,1,,1,,,
2024,Coop Group,Europe,Retail,,,,1,,,,
2024,COSCO Shipping,Asia,Transportation and logistics,,1,,1,,,,
2024,Costco Wholesale,North America,Retail,,,,,,,,
2024,CPC,Asia,Oil and gas,,,,1,1,,,
2024,Credit Agricole,Europe,Financial services,1,,1,,1,,,
2024,Credit Mutuel Group,Europe,Financial services,,,,1,,,,
2024,CRH,Europe,Industrial goods,,1,,1,,,,
2024,CRRC Group,Asia,Industrial goods,,,1,,,,,
2024,Cummins,North America,Industrial goods,,1,,1,,,,
2024,CVS Health,North America,Health care and pharmaceuticals,,1,,1,,,,
2024,D.R. Horton,North America,Engineering and Construction,,,,,,,,
2024,Dai-ichi Life Holdings,Asia,Financial services,,,,1,,,,
2024,Daimler Truck Holding,Europe,Automotive,,,1,,,,,
2024,Daiwa House Industry,Asia,Engineering and construction,1,1,,1,,,,
2024,Deere,North America,Industrial goods,,1,,,,,,
2024,Dell Technologies,North America,Technology,1,1,,1,1,,,
2024,Delta Air Lines,North America,Transportation and Logistics,,1,,1,1,,,
2024,Denso,Asia,Automotive,,1,1,,1,,,
2024,Deutsche Bahn,Europe,Transportation and logistics,,1,1,,,,,
2024,Deutsche Bank,Europe,Financial services,1,,,1,1,,,
2024,Deutsche Telekom,Europe,Telecommunications and media,1,1,,1,1,,,
2024,DHL Group,Europe,Transportation and logistics,,1,,1,,,,
2024,Dollar General,North America,Retail,,,,,,,,
2024,Dongfeng Motor,Asia,Automotive,,,,,,,,
2024,Dow,North America,Chemicals,,,1,,1,,,
2024,DZ Bank,Europe,Financial services,,,1,,1,,,
2024,E.ON,Europe,Energy and utilities,,1,1,,1,,,
2024,Ecopetrol,Other,Oil and gas,,,,1,1,,,
2024,Edeka Zentrale,Europe,Retail,,,,1,,,,
2024,Electricite de France,Europe,Energy and utilities,,1,,1,,,,
2024,Elevance Health,North America,Health care and pharmaceuticals,1,,,1,,,,
2024,Eli Lilly,North America,Health care and pharmaceuticals,,,1,,1,,,
2024,ELO Group,Europe,Retail,,,,,,,,
2024,Emirates Group,Asia,Transportation and logistics,,,,,,,,
2024,Enbridge,North America,Oil and gas,,,,1,1,,,
2024,Enel,Europe,Energy and utilities,,1,,1,1,,,
2024,ENEOS Holdings,Asia,Oil and gas,,,1,,1,,,
2024,Energie Baden-Wurttemberg,Europe,Energy and utilities,,1,1,,1,,,
2024,Energy Transfer,North America,Oil and gas,,,,,,,,
2024,Engie,Europe,Energy and utilities,,1,,1,1,,,
2024,ENI,Europe,Oil and gas,,,,1,1,,,
2024,Enterprise Products Partners,North America,Oil and gas,,,,,,,,
2024,Equinor,Europe,Oil and gas,,,,1,,,,
2024,EXOR Group,Europe,Financial services,,,,1,1,,,
2024,Exxon Mobil,North America,Oil and gas,,,,1,1,,,
2024,Fairfax Financial Holdings,North America,Financial services,,,,,,,,
2024,Fannie Mae,North America,Financial services,,,,,,,,
2024,FedEx,North America,Transportation and logistics,,,1,,,,,
2024,Fomento Economico Mexicano,North America,"Food, beverages and agriculture",,,,,,,,
2024,Ford Motor,North America,Automotive,,1,1,,1,,,
2024,Freddie Mac,North America,Financial services,,,,,,,,
2024,Gazprom,Asia,Oil and gas,,,,,,,,
2024,General Dynamics,North America,Aerospace and defense,,,1,,,,,
2024,General Electric,North America,Industrial goods,,,,1,1,,,
2024,General Motors,North America,Automotive,1,1,1,,,,,
2024,George Weston,North America,Retail,,,,1,1,,,
2024,Glencore,Europe,Metals and mining,,,,1,,,,
2024,Goldman Sachs Group,North America,Financial services,1,,,1,1,,,
2024,Greenland Holding Group,Asia,Real estate,,,,,,,,
2024,Groupe BPCE,Europe,Financial services,,,1,,1,,,
2024,GS Caltex,Asia,Oil and gas,,,,,,,,
2024,GSK,Europe,Health care and pharmaceuticals,1,1,,1,1,,,
2024,Guangdong Guangxin Holdings,Asia,Financial services,,,,,,,,
2024,Guangxi Investment Group,Asia,Financial services,,,,,,,,
2024,Guangzhou Automobile Industry Group,Asia,Automotive,,,1,,1,,,
2024,Guangzhou Industrial Investment Holdings,Asia,Industrial goods,,,,,,,,
2024,Guangzhou Municipal Construction Group,Asia,Engineering and construction,,,,,,,,
2024,Guangzhou Pharmaceutical Holdings,Asia,Health care and pharmaceuticals,,,,,,,,
2024,Haier Smart Home,Asia,Industrial goods,,,,,,,,
2024,Hailiang Group,Asia,Financial services,,,,,,,,
2024,Hangzhou Industrial Investment Group,Asia,Financial services,,,,,,,,
2024,Hangzhou Iron and Steel Group,Asia,Metals and mining,,,,,,,,
2024,Hanwha,Asia,Financial services,,,,1,1,,,
2024,HBIS Group,Asia,Metals and mining,,,1,,,,,
2024,HCA Healthcare,North America,Health care and pharmaceuticals,,,,1,,,,
2024,HD Hyundai,Asia,Oil and gas,,,,,,,,
2024,HDFC Bank,Asia,Financial services,,,,,,,,
2024,Heineken,Europe,"Food, beverages and agriculture",1,1,,1,,,,
2024,Hengli Group,Asia,Household and personal products,,,,,,,,
2024,Hitachi,Asia,Industrial goods,,1,1,,1,,,
2024,Home Depot,North America,Retail,1,1,,,,,,
2024,Hon Hai Precision Industry,Asia,Industrial goods,,1,,1,1,,,
2024,Honda Motor,Asia,Automotive,,,1,,,,,
2024,Honeywell International,North America,Industrial goods,,1,1,,,,,
2024,HP,North America,Technology,1,1,,1,1,,,
2024,HSBC Holdings,Europe,Financial services,1,,,1,1,,,
2024,Huawei Investment & Holding,Asia,Telecommunications and media,,,,,,,,
2024,Humana,North America,Health care and pharmaceuticals,,1,,,,,,
2024,Hunan Iron & Steel Group,Asia,Metals and mining,,,,,,,,
2024,Hyundai Mobis,Asia,Automotive,1,,,1,1,,,
2024,Hyundai Motor,Asia,Automotive,1,,1,,1,,,
2024,Iberdrola,Europe,Energy and utilities,,1,,1,1,,,
2024,IBM,North America,Technology,,,,1,1,,,
2024,Idemitsu Kosan,Asia,Oil and gas,,,1,,1,,,
2024,Indian Oil,Asia,Oil and gas,,,,1,1,,,
2024,Inditex,Europe,Retail,,1,,1,,,,
2024,Industrial & Commercial Bank of China,Asia,Financial services,,,,,,,,
2024,Industrial Bank,Asia,Financial services,,,,,,,,
2024,ING Group,Europe,Financial services,1,,,1,1,,,
2024,Ingka Group,Europe,Retail,1,1,,1,-1,,,
2024,Intel,North America,Industrial goods,1,,,1,1,,,
2024,Intesa Sanpaolo,Europe,Financial services,,,,1,,,,
2024,Itau Unibanco Holding,Other,Financial services,,,,1,1,,,
2024,Itochu,Asia,Financial services,,,,1,1,,,
2024,J. Sainsbury,Europe,Retail,,1,,1,,,,
2024,Jabil,North America,Industrial goods,,,1,,,,,
2024,Japan Post Holdings,Asia,Financial services,,,1,,,,,
2024,Jardine Matheson,Other,Automotive,,,,1,,,,
2024,JBS,Other,"Food, beverages and agriculture",,,,1,1,,,
2024,JD.com,Asia,Retail,,,,,,,,
2024,Jeronimo Martins,Europe,"Food, beverages and agriculture",,1,,1,,,,
2024,JFE Holdings,Asia,Metals and mining,,,1,,,,,
2024,Jiangsu Shagang Group,Asia,Metals and mining,,,,,,,,
2024,Jiangxi Copper,Asia,Metals and mining,,,,,,,,
2024,Jinchuan Group,Asia,Metals and mining,,,,,,,,
2024,Jingye Group,Asia,Metals and mining,,,,,,,,
2024,Jinneng Holding Group,Asia,Metals and mining,,,,,,,,
2024,Johnson & Johnson,North America,Health care and pharmaceuticals,1,1,,1,,,,
2024,JPMorgan Chase,North America,Financial services,,,,1,1,,,
2024,KB Financial Group,Asia,Financial services,1,1,,1,1,,,
2024,KDDI,Asia,Telecommunications and media,1,1,1,,1,,,
2024,Kia,Asia,Automotive,1,,,1,1,,,
2024,Koc Holding,Asia,Energy and utilities,,,1,,,,,
2024,Korea Electric Power,Asia,Energy and utilities,,,,,,,,
2024,Korea Gas,Asia,Oil and gas,,,,,,,,
2024,Kroger,North America,Retail,,,,,,,,
2024,La Poste,Europe,Transportation and logistics,,1,,1,,,,
2024,Landesbank Baden-Wurttemberg,Europe,Financial services,,,,1,,,,
2024,Lennar,North America,Engineering and Construction,,,,,,,,
2024,Lenovo Group,Asia,Technology,,1,,1,1,,,
2024,LG Chem,Asia,Chemicals,,,,1,1,,,
2024,LG Electronics,Asia,Industrial goods,1,1,1,,1,,,
2024,Liberty Mutual Insurance Group,North America,Financial services,,,,,,,,
2024,Life Insurance Corp. of India,Asia,Financial services,,,,,,,,
2024,Linde,Europe,Chemicals,,1,1,,,,,
2024,Lloyds Banking Group,Europe,Financial services,1,,,1,1,,,
2024,Lockheed Martin,North America,Aerospace and defense,,,,,,,,
2024,L'Oreal,Europe,Household and personal products,,1,,1,-1,,,
2024,Louis Dreyfus,Europe,"Food, beverages and agriculture",,,,,,,,
2024,Lowe's,North America,Retail,,,,1,,,,
2024,Lufthansa Group,Europe,Transportation and logistics,,1,1,,1,,,
2024,Lukoil,Asia,Oil and gas,,,,1,,,,
2024,Luxshare Precision Industry,Asia,Technology,,1,1,,,,,
2024,LyondellBasell Industries,Europe,Chemicals,,,,1,1,,,
2024,Maersk Group,Europe,Transportation and logistics,,1,,1,1,,,
2024,Magna International,North America,Automotive,,1,,1,,,,
2024,Mapfre Group,Europe,Financial services,,,1,,,,,
2024,Marathon Petroleum,North America,Oil and gas,,,,,,,,
2024,Marubeni,Asia,Financial services,,,,1,1,,,
2024,Massachusetts Mutual Life Insurance,North America,Financial services,,,,1,,,,
2024,Mazda Motor,Asia,Automotive,,,1,,,,,
2024,McKesson,North America,Retail,,1,,,,,,
2024,Meiji Yasuda Life Insurance,Asia,Financial services,,,,1,1,,,
2024,Meituan,Asia,Retail,,,,,,,,
2024,Mercadona,Europe,"Food, beverages and agriculture",,,,,,,,
2024,Mercedes-Benz Group,Europe,Automotive,,1,1,,1,,,
2024,Merck,North America,Health care and pharmaceuticals,,1,1,,1,,,
2024,Meta Platforms,North America,Technology,1,1,,1,1,,,
2024,MetLife,North America,Financial services,,,,1,1,,,
2024,Metro,Europe,Retail,,1,1,,,,,
2024,Microsoft,North America,Technology,1,1,1,,1,,,
2024,Midea Group,Asia,Industrial goods,,,,,,,,
2024,Migros Group,Europe,Retail,,1,,1,1,,,
2024,Mitsubishi,Asia,Industrial goods,,,,1,1,,,
2024,Mitsubishi Electric,Asia,Industrial goods,,1,,1,,,,
2024,Mitsubishi Heavy Industries,Asia,Industrial goods,,,,1,,,,
2024,Mitsubishi UFJ Financial Group,Asia,Financial services,,,,1,1,,,
2024,Mitsui,Asia,Financial services,,,,,,,,
2024,Mizuho Financial Group,Asia,Financial services,,,,1,-1,,,
2024,Molina Healthcare,North America,Health care and pharmaceuticals,,,,,,,,
2024,Mondelez International,North America,"Food, beverages and agriculture",,1,,1,,,,
2024,Morgan Stanley,North America,Financial services,1,,,1,1,,,
2024,MS&AD Insurance Group Holdings,Asia,Financial services,,,,1,,,,
2024,Munich Re Group,Europe,Financial services,,,,1,1,,,
2024,National Australia Bank,Other,Financial services,1,,,1,1,,,
2024,Nationwide,North America,Financial services,,,,1,1,,,
2024,Nestle,Europe,"Food, beverages and agriculture",1,1,,1,1,,,
2024,Netflix,North America,Telecommunications and media,,1,,1,1,,,
2024,New Hope Holding Group,Asia,"Food, beverages and agriculture",,,,,,,,
2024,New York Life Insurance,North America,Financial services,,,,1,1,,,
2024,Nike,North America,Household and personal products,1,1,,1,1,,,
2024,Nippon Life Insurance,Asia,Financial services,1,,,1,,,,
2024,Nippon Steel Corporation,Asia,Metals and mining,,,1,,1,,,
2024,Nippon Telegraph and Telephone,Asia,Telecommunications and media,,,1,,,,,
2024,Nissan Motor,Asia,Automotive,,1,1,,1,,,
2024,Northrop Grumman,North America,Aerospace and defense,,,,1,,,,
2024,Northwestern Mutual,North America,Financial services,,,,,,,,
2024,Novartis,Europe,Health care and pharmaceuticals,1,1,,1,1,,,
2024,Novo Nordisk,Europe,Health care and pharmaceuticals,1,1,,1,,,,
2024,Nucor,North America,Metals and mining,,,,1,1,,,
2024,Nvidia,North America,Technology,,,,,,,,
2024,Oil & Natural Gas,Asia,Metals and mining,,,,,,,,
2024,Olam Group,Asia,Retail,,1,,1,1,,,
2024,OMV Group,Europe,Oil and gas,,,,1,1,,,
2024,Oracle,North America,Technology,,,,1,,,,
2024,Orange,Europe,Telecommunications and media,,1,,1,1,,,
2024,Orlen,Europe,Oil and gas,,,,1,,,,
2024,Paccar,North America,Automotive,,1,,,,,,
2024,Pacific Construction Group,Asia,Engineering and construction,,,,,,,,
2024,Panasonic Holdings,Asia,Industrial goods,1,1,,1,1,,,
2024,PBF Energy,North America,Oil and gas,,,1,,,,,
2024,PDD Holdings,Asia,Retail,,,,,,,,
2024,Pegatron,Asia,Industrial goods,,,,1,,,,
2024,Pemex,North America,Metals and mining,,,,1,1,,,
2024,People's Insurance Co. of China,Asia,Financial services,,,,,,,,
2024,PepsiCo,North America,"Food, beverages and agriculture",1,1,,1,1,,,
2024,Performance Food Group,North America,Retail,,,,1,,,,
2024,Pertamina,Asia,Oil and gas,,,,,,,,
2024,Petrobras,Other,Oil and gas,,,1,,1,,,
2024,Petronas,Asia,Oil and gas,,,,1,,,,
2024,Pfizer,North America,Health care and pharmaceuticals,1,1,,1,1,,,
2024,Philip Morris International,North America,"Food, beverages and agriculture",,1,,1,1,,,
2024,Phillips 66,North America,Oil and gas,,,,,,,,
2024,Phoenix Pharma,Europe,Retail,,,,1,1,,,
2024,Ping An Insurance,Asia,Financial services,,,1,,1,,,
2024,Plains GP Holdings,North America,Oil and gas,,,,,,,,
2024,POSCO Holdings,Asia,Metals and mining,,,1,,,,,
2024,Power Corp. of Canada,North America,Financial services,,,,,,,,
2024,PowerChina,Asia,Engineering and construction,,,,,,,,
2024,Procter & Gamble,North America,Household and personal products,1,1,,1,1,,,
2024,Progressive,North America,Financial services,,,,1,1,,,
2024,Prudential Financial,North America,Financial services,,,,1,1,,,
2024,PTT,Asia,Oil and gas,,,,1,1,,,
2024,Publix Super Markets,North America,Retail,,,,,,,,
2024,Qualcomm,North America,Industrial goods,,1,,1,1,,,
2024,Quanta Computer,Asia,Technology,,,1,,,,,
2024,Rabobank Group,Europe,Financial services,,,,,,,,
2024,Raizen,Other,Oil and gas,,,,,,,,
2024,Rajesh Exports,Asia,Financial services,,,,,,,,
2024,Reliance Industries,Asia,Oil and gas,,,,1,,,,
2024,Renault,Europe,Automotive,,1,,1,1,,,
2024,Repsol,Europe,Oil and gas,,,,1,1,,,
2024,Rio Tinto Group,Europe,Metals and mining,,,,1,,,,
2024,Roche Group,Europe,Health care and pharmaceuticals,,,,1,-1,,,
2024,Rosneft Oil,Europe,Oil and gas,,,1,,1,,,
2024,Royal Ahold Delhaize,Europe,Retail,,1,,1,,,,
2024,Royal Bank of Canada,North America,Financial services,,,,1,1,,,
2024,RTX,North America,Aerospace and Defense,,,,1,1,,,
2024,S.F. Holding,Asia,Transportation and logistics,,,,,,,,
2024,SAIC Motor,Asia,Automotive,,,,,,,,
2024,Saint-Gobain,Europe,Industrial goods,,1,,1,,,,
2024,Salesforce,North America,Technology,,1,,1,1,,,
2024,Samsung C&T,Asia,Financial services,,,1,,1,,,
2024,Samsung Electronics,Asia,Industrial goods,1,,,1,,,,
2024,Sanofi,Europe,Health care and pharmaceuticals,1,1,,1,1,,,
2024,SAP,Europe,Technology,1,1,,1,1,,,
2024,Saudi Aramco,Asia,Metals and mining,,,,1,1,,,
2024,Sberbank,Asia,Financial services,,,1,,1,,,
2024,Schlumberger,North America,Oil and gas,,,,1,1,,,
2024,Schneider Electric,Europe,Industrial goods,1,1,,1,1,,,
2024,Seven & I Holdings,Asia,Retail,1,,,1,,,,
2024,Shaanxi Coal & Chemical Industry,Asia,Metals and mining,,,,,,,,
2024,Shaanxi Construction Engineering Holding,Asia,Engineering and Construction,,,,,,,,
2024,Shaanxi Yanchang Petroleum (Group),Asia,Metals and mining,,,,,,,,
2024,Shandong Energy Group,Asia,Metals and mining,,,,,,,,
2024,Shandong Hi-Speed Group,Asia,Transportation and logistics,,,,,,,,
2024,Shandong Weiqiao Pioneering Group,Asia,Household and personal products,,,,1,,,,
2024,Shanghai Construction Group,Asia,Engineering and construction,,,,,,,,
2024,Shanghai Delong Steel Group,Asia,Metals and mining,,,,,,,,
2024,Shanghai Pharmaceuticals Holding,Asia,Retail,,,,,,,,
2024,Shanghai Pudong Development Bank,Asia,Financial services,,,,,,,,
2024,Shanxi Coking Coal Group,Asia,Metals and mining,,,,,,,,
2024,Shell,Europe,Oil and gas,,,,1,1,,,
2024,Shenghong Holding Group,Asia,Chemicals,,,,,,,,
2024,Shenzhen Investment Holdings,Asia,Financial services,,,,,,,,
2024,Shougang Group,Asia,Metals and mining,,,,,,,,
2024,Shudao Investment Group,Asia,Engineering and construction,,,,,,,,
2024,Siemens,Europe,Industrial goods,1,1,,1,1,,,
2024,Siemens Energy,Europe,Energy and utilities,,1,,1,,,,
2024,Sinochem Holdings,Asia,Chemicals,,,,,,,,
2024,Sinomach,Asia,Industrial goods,,,,,,,,
2024,Sinopec Group,Asia,Oil and gas,,,,,,,,
2024,Sinopharm,Asia,Health care and pharmaceuticals,,,,,,,,
2024,SK,Asia,Oil and gas,,,1,,1,,,
2024,SNCF Group,Europe,Transportation and logistics,,,,1,,,,
2024,Societe Generale,Europe,Financial services,,,1,,1,,,
2024,SoftBank Group,Asia,Telecommunications and media,1,1,,1,1,,,
2024,Sompo Holdings,Asia,Financial services,,,,1,1,,,
2024,Sony,Asia,Industrial goods,1,1,,1,,,,
2024,Standard Chartered,Europe,Financial services,1,,,1,1,,,
2024,Starbucks,North America,"Food, beverages and agriculture",1,1,,1,,,,
2024,State Bank of India,Asia,Financial services,,,,1,1,,,
2024,State Farm Insurance,North America,Financial services,,,,,,,,
2024,State Grid,Asia,Energy and utilities,,,,,,,,
2024,State Power Investment,Asia,Energy and utilities,,,,,,,,
2024,Stellantis,Europe,Automotive,,,,1,1,,,
2024,StoneX Group,North America,Financial services,,,,,,,,
2024,Subaru,Asia,Automotive,,,1,,1,,,
2024,Sumitomo,Asia,Financial services,,,1,,1,,,
2024,Sumitomo Mitsui Financial Group,Asia,Financial services,,,,1,1,,,
2024,Suncor Energy,North America,Oil and gas,,,,,,,,
2024,Susun Construction Group,Asia,Engineering and construction,,,,,,,,
2024,Suzuki Motor,Asia,Automotive,,,1,,,,,
2024,Swiss Re,Europe,Financial services,1,,,1,1,,,
2024,Sysco,North America,Retail,,1,,,,,,
2024,Taikang Insurance Group,Asia,Financial services,,,,,,,,
2024,Taiwan Semiconductor Manufacturing,Asia,Industrial goods,,,,1,,,,
2024,Talanx,Europe,Financial services,,,,1,1,,,
2024,Target,North America,Retail,1,1,,1,1,,,
2024,Tata Motors,Asia,Automotive,1,,,,,,,
2024,TD Synnex,North America,Retail,,1,,1,,,,
2024,Telefonica,Europe,Telecommunications and media,1,1,,1,1,,,
2024,Tencent Holdings,Asia,Technology,,1,1,,1,,,
2024,Tesco,Europe,Retail,1,1,,1,1,,,
2024,Tesla,North America,Automotive,,,,,,,,
2024,Thermo Fisher Scientific,North America,Industrial goods,,1,,1,1,,,
2024,ThyssenKrupp,Europe,Metals and mining,,1,1,,,,,
2024,TIAA,North America,Financial services,,,,1,1,,,
2024,TJX,North America,Retail,,,,1,1,,,
2024,Tokio Marine Holdings,Asia,Financial services,,,,1,1,,,
2024,Tokyo Electric Power,Asia,Energy and utilities,,,,1,1,,,
2024,TongLing Nonferrous Metals Group,Asia,Metals and mining,,,,,,,,
2024,Tongwei Group,Asia,Energy and utilities,,,1,,1,,,
2024,Toronto-Dominion Bank,North America,Financial services,1,,,1,1,,,
2024,TotalEnergies,Europe,Oil and gas,,,1,,1,,,
2024,Toyota Motor,Asia,Automotive,,1,1,,1,,,
2024,Toyota Tsusho,Asia,Financial services,,,,1,1,,,
2024,Trafigura Group,Asia,Financial services,,,1,,1,,,
2024,Travelers,North America,Financial services,,,1,,1,,,
2024,Truist Financial,North America,Financial services,,,,1,,,,
2024,Tsingshan Holding Group,Asia,Metals and mining,,,,,,,,
2024,Tyson Foods,North America,"Food, beverages and agriculture",,1,,1,,,,
2024,U.S. Bancorp,North America,Financial services,,,,1,1,,,
2024,U.S. Postal Service,North America,Transportation and logistics,,,,,,,,
2024,Uber Technologies,North America,Technology,,1,,1,,,,
2024,UBS Group,Europe,Financial services,1,,,1,1,,,
2024,UniCredit Group,Europe,Financial services,,,,1,1,,,
2024,Unilever,Europe,Household and personal products,1,1,,1,-1,,,
2024,Uniper,Europe,Energy and utilities,,,1,,1,,,
2024,United Airlines Holdings,North America,Transportation and logistics,,1,,1,-1,,,
2024,United Parcel Service,North America,Transportation and logistics,,,1,,1,,,
2024,UnitedHealth Group,North America,Health care and pharmaceuticals,,,,1,1,,,
2024,US Foods Holding,North America,Retail,,1,,,,,,
2024,USAA,North America,Financial services,,,,,,,,
2024,Vale,Other,Metals and mining,,,,1,,,,
2024,Valero Energy,North America,Oil and gas,,,1,,1,,,
2024,Veolia Environnement,Europe,Energy and utilities,,1,,1,1,,,
2024,Verizon Communications,North America,Telecommunications and media,1,1,,1,,,,
2024,Vibra Energia,Other,Oil and gas,,,1,,1,,,
2024,Vinci,Europe,Engineering and construction,,1,1,,1,,,
2024,Visa,North America,Financial services,1,1,1,,1,,,
2024,Vodafone Group,Europe,Telecommunications and media,1,1,,1,,,,
2024,Volkswagen,Europe,Automotive,,1,1,,1,,,
2024,Volvo,Europe,Automotive,,1,1,,,,,
2024,VTB Bank,Asia,Financial services,,,,,,,,
2024,Walgreens Boots Alliance,North America,Retail,,,,1,,,,
2024,Walmart,North America,Retail,1,1,,1,-1,,,
2024,Walt Disney,North America,Telecommunications and media,,1,,1,1,,,
2024,Warner Bros. Discovery,North America,Telecommunications and media,,,,,,,,
2024,Wells Fargo,North America,Financial services,,,,1,1,,,
2024,Wilmar International,Asia,"Food, beverages and agriculture",,,,,,,,
2024,Woolworths Group,Other,Retail,1,1,,1,1,,,
2024,World Kinect,North America,Energy and utilities,,,,,,,,
2024,Wuchan Zhongda Group,Asia,Financial services,,,,,,,,
2024,X5 Retail Group,Asia,Retail,,,,,,,,
2024,Xiamen C&D,Asia,Financial services,,,,,,,,
2024,Xiamen ITG Holding Group,Asia,Financial services,,,,,,,,
2024,Xiaomi,Asia,Industrial goods,,,1,,1,,,
2024,XMXYG,Asia,Financial services,,,,,,,,
2024,ZF Friedrichshafen,Europe,Automotive,,1,1,,,,,
2024,Zhejiang Communications Investment Group,Asia,Transportation and logistics,,,,,,,,
2024,Zhejiang Geely Holding Group,Asia,Automotive,,,1,,,,,
2024,Zhejiang Hengyi Group,Asia,Chemicals,,,,,,,,
2024,Zhejiang Rongsheng Holding Group,Asia,Chemicals,,,,,,,,
2024,Zijin Mining Group,Asia,Metals and mining,,,1,,1,,,
2024,Zurich Insurance Group,Europe,Financial services,1,,,1,1,,,
2025,Walmart,North America,Retail,1,1,,,-1,,,
2025,Amazon,North America,Retail,,,,,1,,,
2025,State Grid,Asia,Energy and utilities,,,1,,,,,
2025,Saudi Aramco,Other,Metals and mining,,,,,1,,,
2025,China National Petroleum,Asia,Oil and gas,,,1,,,,,
2025,Sinopec Group,Asia,Oil and gas,,,,1,1,,,
2025,UnitedHealth Group,North America,Health care and pharmaceuticals,,1,,,,,,
2025,Apple,North America,Technology,1,1,,1,1,,,
2025,CVS Health,North America,Health care and pharmaceuticals,,1,,,1,,,
2025,Berkshire Hathaway,North America,Financial services,,,,,,,,
2025,McKesson,North America,Health care and pharmaceuticals,,1,,,,,,
2025,Volkswagen,Europe,Automotive,,1,,1,1,,,
2025,Alphabet,North America,Retail,,1,,,-1,,,
2025,Exxon Mobil,North America,Oil and gas,,,,,1,,,
2025,Toyota Motor,Asia,Automotive,,1,,1,,,,
2025,China State Construction Engineering,Asia,Engineering and construction,,,,1,,,,
2025,Cencora,North America,Health care and pharmaceuticals,,1,,,,,,
2025,Shell,Europe,Oil and gas,,,,,1,,,
2025,JPMorgan Chase,North America,Financial services,,,,,1,,,
2025,Costco Wholesale,North America,Retail,,,,,,,,
2025,Cigna,North America,Health care and pharmaceuticals,1,,,1,,,,
2025,Microsoft,North America,Technology,1,1,,1,1,,,
2025,Trafigura Group,Asia,Financial services,,,,1,1,,,
2025,Glencore,Europe,Metals and mining,,,,,,,,
2025,Cardinal Health,North America,Health care and pharmaceuticals,,1,,,,,,
2025,Industrial & Commercial Bank of China,Asia,Financial services,,,1,,1,,,
2025,Samsung Electronics,Asia,Technology,1,,,,1,,,
2025,Hon Hai Precision Industry,Asia,Technology,1,1,,,,,,
2025,Chevron,North America,Oil and gas,,,,,1,,,
2025,Agricultural Bank of China,Asia,Financial services,,,1,,-1,,,
2025,China Construction Bank,Asia,Financial services,,,1,,,,,
2025,TotalEnergies,Europe,Oil and gas,,,,,1,,,
2025,BP,Europe,Oil and gas,,,,,1,,,
2025,Bank of America,North America,Financial services,,,,,1,,,
2025,General Motors,North America,Automotive,1,1,,1,1,,,
2025,Ford Motor,North America,Automotive,,1,,1,1,,,
2025,Elevance Health,North America,Health care and pharmaceuticals,1,1,,,1,,,
2025,Bank of China,Asia,Financial services,,,,1,1,,,
2025,Citigroup,North America,Financial services,,,,,1,,,
2025,Stellantis,Europe,Automotive,,,,,1,,,
2025,Meta Platforms,North America,Retail,,1,,,1,,,
2025,Centene,North America,Health care and pharmaceuticals,,,,,,,,
2025,China Railway Engineering Group,Asia,Engineering and construction,,,,,,,,
2025,JD.com,Asia,Retail,,,1,,,,,
2025,China Life Insurance,Asia,Financial services,,,1,,,,,
2025,Home Depot,North America,Retail,1,1,,,,,,
2025,Ping An Insurance,Asia,Financial services,,,,1,,,,
2025,Mercedes-Benz Group,Europe,Automotive,,1,,1,,,,
2025,BMW Group,Europe,Automotive,1,1,,,1,,,
2025,Fannie Mae,North America,Financial services,,,,,,,,
2025,China Railway Construction,Asia,Engineering and construction,,,,1,,,,
2025,Walgreens Boots Alliance,North America,Health care and pharmaceuticals,,,,,,,,
2025,Kroger,North America,Retail,,,,,,,,
2025,BNP Paribas,Europe,Financial services,,,,1,1,,,
2025,Banco Santander,Europe,Financial services,,,,,1,,,
2025,HSBC Holdings,Europe,Financial services,1,,,,1,,,
2025,Phillips 66,North America,Oil and gas,,,,,,,,
2025,China Mobile Communications,Asia,Telecommunications and media,,,,,,,,
2025,Honda Motor,Asia,Automotive,,,,1,1,,,
2025,Marathon Petroleum,North America,Oil and gas,,,,,,,,
2025,China Communications Construction,Asia,Engineering and construction,,,,,-1,,,
2025,CITIC Group,Asia,Financial services,,,,1,,,,
2025,Alibaba Group Holding,Asia,Retail,,,,1,,,,
2025,Verizon Communications,North America,Telecommunications and media,1,,,,,,,
2025,China National Offshore Oil,Asia,Metals and mining,,,,,1,,,
2025,Nvidia,North America,Technology,,1,,,,,,
2025,China Resources,Asia,Financial services,,,,,,,,
2025,Hyundai Motor,Asia,Automotive,1,,,1,,,,
2025,Electricite de France,Europe,Energy and utilities,,1,,,-1,,,
2025,Goldman Sachs Group,North America,Financial services,1,,,,1,,,
2025,Wells Fargo,North America,Financial services,,,,,1,,,
2025,Deutsche Telekom,Europe,Telecommunications and media,1,1,,,1,,,
2025,China Baowu Steel Group,Asia,Metals and mining,,,1,,1,,,
2025,Valero Energy,North America,Oil and gas,,,,1,1,,,
2025,Comcast,North America,Telecommunications and media,,1,,1,1,,,
2025,Allianz,Europe,Financial services,1,,,,1,,,
2025,State Farm Insurance,North America,Financial services,,,,,,,,
2025,AT&T,North America,Telecommunications and media,,1,,,1,,,
2025,Mitsubishi,Asia,Financial services,,,,,1,,,
2025,Freddie Mac,North America,Financial services,,,,,,,,
2025,Hengli Group,Asia,Household and personal products,,,1,,,,,
2025,Shandong Energy Group,Asia,Metals and mining,,,1,,,,,
2025,Huawei Investment & Holding,Asia,Technology,,,,,,,,
2025,China Southern Power Grid,Asia,Energy and utilities,,,1,,,,,
2025,Humana,North America,Health care and pharmaceuticals,,1,,,,,,
2025,China Minmetals,Asia,Metals and mining,,,1,,,,,
2025,Gazprom,Europe,Energy and utilities,,,,,1,,,
2025,Reliance Industries,Asia,Oil and gas,,,,,1,,,
2025,Societe Generale,Europe,Financial services,,,,1,,,,
2025,Rosneft Oil,Europe,Oil and gas,,,,1,,,,
2025,BYD,Asia,Automotive,,,,1,,,,
2025,China Energy Investment,Asia,Energy and utilities,,,1,,,,,
2025,Morgan Stanley,North America,Financial services,,,,,1,,,
2025,Target,North America,Retail,1,1,,,,,,
2025,Life Insurance Corp. of India,Asia,Financial services,,,,,,,,
2025,Equinor,Europe,Oil and gas,,,,,1,,,
2025,Nestlé,Europe,"Food, beverages and agriculture",1,1,,,-1,,,
2025,Xiamen C&D,Asia,Financial services,,,1,,,,,
2025,StoneX Group,North America,Financial services,,,,,1,,,
2025,PowerChina,Asia,Engineering and construction,,,1,,,,,
2025,Royal Bank of Canada,North America,Financial services,,,,,1,,,
2025,Sberbank,Europe,Financial services,,,,1,1,,,
2025,AXA,Europe,Financial services,1,,,,1,,,
2025,ENI,Europe,Oil and gas,,,,,1,,,
2025,Bosch Group,Europe,Automotive,,1,,1,1,,,
2025,Tesla,North America,Automotive,,,,,,,,
2025,China Post Group,Asia,Transportation and logistics,,,,,,,,
2025,Royal Ahold Delhaize,Europe,Retail,,1,,,1,,,
2025,Itochu,Asia,Financial services,,,,,1,,,
2025,Mitsui,Asia,Financial services,,,,,1,,,
2025,Dell Technologies,North America,Technology,1,1,,,,,,
2025,REWE Group,Europe,Retail,,,,,1,,,
2025,Carrefour,Europe,Retail,,1,,1,,,,
2025,SK,Asia,Oil and gas,1,,,,1,,,
2025,PepsiCo,North America,"Food, beverages and agriculture",1,1,,,1,,,
2025,Tencent Holdings,Asia,Retail,,1,,,,,,
2025,Christian Dior,Europe,Retail,,1,,,,,,
2025,Zhejiang Rongsheng Holding Group,Asia,Chemicals,,,1,,,,,
2025,Sinopharm,Asia,Health care and pharmaceuticals,,,,,,,,
2025,Petrobras,Other,Oil and gas,,,,,1,,,
2025,Pemex,Other,Metals and mining,,,,,1,,,
2025,Walt Disney,North America,Telecommunications and media,,1,,,1,,,
2025,United Parcel Service,North America,Transportation and logistics,,,,1,-1,,,
2025,DHL Group,Europe,Transportation and logistics,,1,,,1,,,
2025,Credit Agricole,Europe,Financial services,1,,,,1,,,
2025,Taiwan Semiconductor Manufacturing,Asia,Technology,,,,,1,,,
2025,Indian Oil,Asia,Oil and gas,,,,,1,,,
2025,NTT,Asia,Telecommunications and media,,1,,,1,,,
2025,Tesco,Europe,Retail,1,1,,,1,,,
2025,Mitsubishi UFJ Financial Group,Asia,Financial services,,,,,1,,,
2025,Johnson & Johnson,North America,Health care and pharmaceuticals,1,1,,,1,,,
2025,Toronto-Dominion Bank,North America,Financial services,1,,,,1,,,
2025,COFCO,Asia,Financial services,,1,,,,,,
2025,China Telecommunications,Asia,Telecommunications and media,,,1,,,,,
2025,FedEx,North America,Transportation and logistics,,,,1,,,,
2025,PTT,Asia,Oil and gas,,,,,1,,,
2025,Banco Bilbao Vizcaya Argentaria,Europe,Financial services,,,,,1,,,
2025,SAIC Motor,Asia,Automotive,,,,1,,,,
2025,UBS Group,Europe,Financial services,1,,,,1,,,
2025,E.ON,Europe,Energy and utilities,,1,,1,,,,
2025,People's Insurance Co. of China,Asia,Financial services,,,1,,,,,
2025,Brookfield,North America,Financial services,,,,,1,,,
2025,Archer Daniels Midland,North America,"Food, beverages and agriculture",,,,,,,,
2025,Siemens,Europe,Industrial goods,,1,,,1,,,
2025,Enel,Europe,Energy and utilities,,1,,,-1,,,
2025,Sony,Asia,Technology,1,1,,,1,,,
2025,Procter & Gamble,North America,Household and personal products,,1,,,1,,,
2025,Lowe's,North America,Retail,,,,,,,,
2025,Wuchan Zhongda Group,Asia,Financial services,,,,,,,,
2025,Nissan Motor,Asia,Automotive,,1,,1,1,,,
2025,Energy Transfer,North America,Energy and utilities,,,,,,,,
2025,Groupe BPCE,Europe,Financial services,,,,,1,,,
2025,RTX,North America,Aerospace and defense,,,,,,,,
2025,Albertsons,North America,Retail,,1,,,,,,
2025,Zhejiang Geely Holding Group,Asia,Automotive,,,,1,,,,
2025,Engie,Europe,Energy and utilities,,1,,,1,,,
2025,U.S. Postal Service,North America,Transportation and logistics,,,,,,,,
2025,Sysco,North America,"Food, beverages and agriculture",,1,,,1,,,
2025,Kia,Asia,Automotive,1,,,1,,,,
2025,Vinci,Europe,Engineering and construction,,1,,,1,,,
2025,Shenghong Holding Group,Asia,Chemicals,,,,,,,,
2025,Seven & I Holdings,Asia,Retail,1,,,,,,,
2025,State Bank of India,Asia,Financial services,,,,1,,,,
2025,China FAW Group,Asia,Automotive,,,1,,,,,
2025,Jiangxi Copper,Asia,Metals and mining,,,1,,,,,
2025,Shandong Weiqiao Pioneering Group,Asia,Household and personal products,,,,1,,,,
2025,JBS,Europe,"Food, beverages and agriculture",,,,,,,,
2025,Bank of Communications,Asia,Financial services,,,,,,,,
2025,Progressive,North America,Financial services,,,,1,,,,
2025,Pacific Construction Group,Asia,Engineering and construction,,,,,1,,,
2025,Pertamina,Asia,Oil and gas,,,,,,,,
2025,Uniper,Europe,Energy and utilities,,,,1,1,,,
2025,Japan Post Holdings,Asia,Financial services,,,,1,,,,
2025,Airbus,Europe,Aerospace and defense,,1,,,1,,,
2025,American Express,North America,Financial services,1,1,,,1,,,
2025,Orlen,Europe,Oil and gas,,,,,,,,
2025,Deutsche Bank,Europe,Financial services,1,,,,1,,,
2025,Shaanxi Coal & Chemical Industry,Asia,Metals and mining,,,,1,,,,
2025,Lloyds Banking Group,Europe,Financial services,1,,,,1,,,
2025,ENEOS Holdings,Asia,Oil and gas,,,,1,1,,,
2025,Oil & Natural Gas,Asia,Metals and mining,,,,,1,,,
2025,Lukoil,Europe,Oil and gas,,,,,,,,
2025,Nippon Life Insurance,Asia,Financial services,1,,,,,,,
2025,ING Group,Europe,Financial services,1,1,,,-1,,,
2025,Barclays,Europe,Financial services,1,,,,1,,,
2025,Lockheed Martin,North America,Aerospace and defense,,,,,,,,
2025,MetLife,North America,Financial services,,,,,1,,,
2025,Roche Group,Europe,Health care and pharmaceuticals,,1,,,,,,
2025,HCA Healthcare,North America,Health care and pharmaceuticals,,,,,,,,
2025,BASF,Europe,Chemicals,,,,,1,,,
2025,Koc Holding,Europe,Energy and utilities,,,,1,,,,
2025,Prudential Financial,North America,Financial services,,,,,1,,,
2025,China Merchants Bank,Asia,Financial services,,,,1,,,,
2025,Petronas,Asia,Energy and utilities,,,,,,,,
2025,Alimentation Couche-Tard,North America,Retail,,,,1,,,,
2025,Lenovo Group,Asia,Technology,,1,,,,,,
2025,Korea Electric Power,Asia,Energy and utilities,,,,1,1,,,
2025,Toyota Tsusho,Asia,Financial services,,1,,,,,,
2025,China Poly Group,Asia,Real estate,,,1,,,,,
2025,Wilmar International,Asia,"Food, beverages and agriculture",,1,,,,,,
2025,Beijing Automotive Group,Asia,Automotive,,,,1,,,,
2025,Munich Re Group,Europe,Financial services,,,,,1,,,
2025,Aluminum Corp. of China,Asia,Metals and mining,,,1,,,,,
2025,Sumitomo Mitsui Financial Group,Asia,Financial services,,,,,1,,,
2025,Itau Unibanco Holding,Other,Financial services,,,,,1,,,
2025,Boeing,North America,Aerospace and defense,,,,,1,,,
2025,AEON,Asia,Retail,1,1,,,,,,
2025,Xiamen ITG Holding Group,Asia,Financial services,,,1,,,,,
2025,Zurich Insurance Group,Europe,Financial services,1,,,,1,,,
2025,Unilever,Europe,Household and personal products,1,1,,,-1,,,
2025,Accenture,Europe,Technology,1,1,,,,,,
2025,COSCO Shipping,Asia,Transportation and logistics,,1,,,,,,
2025,Caterpillar,North America,Engineering and construction,,,,,,,,
2025,Dai-ichi Life Holdings,Asia,Financial services,,,,,,,,
2025,LG Electronics,Asia,Technology,1,1,,1,1,,,
2025,Hitachi,Asia,Technology,,1,,,,,,
2025,Merck,North America,Health care and pharmaceuticals,,1,,,1,,,
2025,Allstate,North America,Financial services,,,,,,,,
2025,Pfizer,North America,Health care and pharmaceuticals,1,1,,,1,,,
2025,Zhejiang Hengyi Group,Asia,Chemicals,,,1,,,,,
2025,IBM,North America,Technology,,,,,1,,,
2025,New York Life Insurance,North America,Financial services,,,,,,,,
2025,ArcelorMittal,Europe,Metals and mining,,,,,1,,,
2025,Assicurazioni Generali,Europe,Financial services,,,,,1,,,
2025,Delta Air Lines,North America,Transportation and logistics,,1,,,1,,,
2025,China North Industries Group,Asia,Aerospace and defense,,,,,,,,
2025,Bouygues,Europe,Engineering and construction,,,,,,,,
2025,China Energy Engineering Group,Asia,Engineering and construction,,,1,,,,,
2025,Renault,Europe,Automotive,,1,,1,,,,
2025,Banco do Brasil,Other,Financial services,,,,,1,,,
2025,Publix Super Markets,North America,Retail,,,,,,,,
2025,Anheuser-Busch InBev,Europe,"Food, beverages and agriculture",1,1,,,,,,
2025,Chery Holding Group,Asia,Automotive,,,,,,,,
2025,Mizuho Financial Group,Asia,Financial services,,,,,-1,,,
2025,Jinchuan Group,Asia,Metals and mining,,,1,,,,,
2025,Nationwide,North America,Financial services,,,,,1,,,
2025,Edeka Zentrale,Europe,"Food, beverages and agriculture",,1,,,,,,
2025,Daimler Truck Holding,Europe,Automotive,,,,1,1,,,
2025,TD Synnex,North America,Industrial goods,,1,,,1,,,
2025,Bank of Montreal,North America,Financial services,,,,,1,,,
2025,XMXYG,Asia,Financial services,,,1,,,,,
2025,Industrial Bank,Asia,Financial services,,,,1,1,,,
2025,United Airlines Holdings,North America,Transportation and logistics,,1,,,-1,,,
2025,Nippon Steel,Asia,Metals and mining,,,,1,1,,,
2025,ConocoPhillips,North America,Metals and mining,,,,,1,,,
2025,Midea Group,Asia,Technology,,,1,,,,,
2025,Tsingshan Holding Group,Asia,Metals and mining,,,,,,,,
2025,TJX,North America,Retail,,,,,1,,,
2025,AbbVie,North America,Health care and pharmaceuticals,,1,,,,,,
2025,Enterprise Products Partners,North America,Energy and utilities,,,,,,,,
2025,China Pacific Insurance (Group),Asia,Financial services,,,1,,,,,
2025,Guangzhou Automobile Industry Group,Asia,Automotive,,,,1,,,,
2025,Bank of Nova Scotia,North America,Financial services,,,,,1,,,
2025,HBIS Group,Asia,Metals and mining,,,,1,,,,
2025,Intesa Sanpaolo,Europe,Financial services,,1,,,1,,,
2025,China Huaneng Group,Asia,Energy and utilities,,,,1,,,,
2025,Chubb,Europe,Financial services,,,,,1,,,
2025,HDFC Bank,Asia,Financial services,,,,1,,,,
2025,BHP Group,Other,Metals and mining,,,,,1,,,
2025,Repsol,Europe,Oil and gas,,,,,1,,,
2025,Panasonic Holdings,Asia,Technology,1,1,,,1,,,
2025,Maersk Group,Europe,Transportation and logistics,,1,,,1,,,
2025,Tokio Marine Holdings,Asia,Financial services,,,,,1,,,
2025,Charter Communications,North America,Telecommunications and media,,,,1,,,,
2025,State Power Investment,Asia,Energy and utilities,,,,,,,,
2025,PDD Holdings,Asia,Retail,,,,,,,,
2025,Performance Food Group,North America,"Food, beverages and agriculture",,,,,,,,
2025,American Airlines Group,North America,Transportation and logistics,,1,,,1,,,
2025,China United Network Communications,Asia,Telecommunications and media,,,1,,,,,
2025,AstraZeneca,Europe,Health care and pharmaceuticals,1,1,,,,,,
2025,Capital One Financial,North America,Financial services,,,,,-1,,,
2025,POSCO Holdings,Asia,Metals and mining,,,,,1,,,
2025,Cisco Systems,North America,Technology,1,1,,,,,,
2025,Rio Tinto Group,Europe,Metals and mining,,,,,1,,,
2025,HP,North America,Technology,1,1,,,1,,,
2025,Phoenix Pharma,Europe,Health care and pharmaceuticals,,,,1,1,,,
2025,Sanofi,Europe,Health care and pharmaceuticals,1,1,,,1,,,
2025,Tyson Foods,North America,"Food, beverages and agriculture",,1,,,1,,,
2025,Bunge Global,Europe,"Food, beverages and agriculture",,1,,,,,,
2025,Intel,North America,Technology,1,,,,1,,,
2025,Idemitsu Kosan,Asia,Oil and gas,,,,1,,,,
2025,Oracle,North America,Technology,,,,,,,,
2025,Tata Motors,Asia,Automotive,1,,,,,,,
2025,Broadcom,North America,Technology,,,,,,,,
2025,Bharat Petroleum,Asia,Oil and gas,,,,,,,,
2025,VTB Bank,Europe,Financial services,,,,1,,,,
2025,Novartis,Europe,Health care and pharmaceuticals,1,1,,,1,,,
2025,Deere,North America,Engineering and construction,,1,,,,,,
2025,Jinneng Holding Group,Asia,Metals and mining,,,,,,,,
2025,Nike,North America,Retail,1,1,,,,,,
2025,Dongfeng Motor,Asia,Automotive,,,,1,,,,
2025,Jingye Group,Asia,Metals and mining,,,,,,,,
2025,Banco Bradesco,Other,Financial services,,,,,1,,,
2025,Marubeni,Asia,Financial services,,,,,,,,
2025,Shaanxi Yanchang Petroleum (Group),Asia,Metals and mining,,,,,,,,
2025,Deutsche Bahn,Europe,Transportation and logistics,,1,,,1,,,
2025,Xiaomi,Asia,Retail,,,,1,,,,
2025,Crédit Mutuel Group,Europe,Financial services,,,,,1,,,
2025,Louis Dreyfus,Europe,"Food, beverages and agriculture",,,,,1,,,
2025,Liberty Mutual Insurance Group,North America,Financial services,,,,,,,,
2025,Bayer,Europe,Chemicals,,1,,,1,,,
2025,Saint-Gobain,Europe,Industrial goods,,1,,,1,,,
2025,Contemporary Amperex Technology,Asia,Automotive,,,,1,1,,,
2025,Plains GP Holdings,North America,Energy and utilities,,,,,,,,
2025,Talanx,Europe,Financial services,,,,,1,,,
2025,UniCredit Group,Europe,Financial services,,,,,,,,
2025,Volvo,Europe,Engineering and construction,,1,,,1,,,
2025,HD Hyundai,Asia,Oil and gas,,,,1,1,,,
2025,Shanghai Pudong Development Bank,Asia,Financial services,,,1,,,,,
2025,USAA,North America,Financial services,,,,,,,,
2025,SK Hynix,Asia,Technology,1,,,,1,,,
2025,Iberdrola,Europe,Energy and utilities,,1,,,1,,,
2025,Veolia Environnement,Europe,Energy and utilities,,1,,,1,,,
2025,Bristol-Myers Squibb,North America,Health care and pharmaceuticals,,1,,,,,,
2025,Landesbank Baden-Wurttemberg,Europe,Financial services,,,,,1,,,
2025,Ingram Micro Holding,North America,Industrial goods,,1,,,1,,,
2025,Sumitomo,Asia,Financial services,,,,1,1,,,
2025,General Dynamics,North America,Aerospace and defense,,,,1,,,,
2025,China Vanke,Asia,Real estate,,,1,,,,,
2025,SoftBank Group,Asia,Telecommunications and media,1,1,,,1,,,
2025,America Movil,Other,Telecommunications and media,,,,,,,,
2025,Canadian Imperial Bank of Commerce,North America,Financial services,,,,,1,,,
2025,Coca-Cola,North America,"Food, beverages and agriculture",,1,,,,,,
2025,L'Oréal,Europe,Household and personal products,,1,,,1,,,
2025,Denso,Asia,Automotive,,1,,1,1,,,
2025,TIAA,North America,Financial services,,,,,1,,,
2025,Meituan,Asia,Retail,,,,,,,,
2025,SNCF Group,Europe,Transportation and logistics,,1,1,,1,,,
2025,Travelers,North America,Financial services,,,,1,,,,
2025,Zhejiang Communications Investment Group,Asia,Transportation and logistics,,,1,,,,,
2025,Swiss Re,Europe,Financial services,1,,,,1,,,
2025,China South Industries Group,Asia,Aerospace and defense,,,,,,,,
2025,Raizen,Other,Oil and gas,,,,,,,,
2025,Taikang Insurance Group,Asia,Financial services,,,1,,,,,
2025,Ingka Group,Europe,Retail,1,1,,,-1,,,
2025,Eli Lilly,North America,Health care and pharmaceuticals,,,,1,1,,,
2025,ACS,Europe,Engineering and construction,,,,,1,,,
2025,Susun Construction Group,Asia,Engineering and construction,,,,,,,,
2025,China Huadian,Asia,Energy and utilities,,,1,,,,,
2025,George Weston,North America,Retail,,,,,,,,
2025,Orange,Europe,Telecommunications and media,,1,,,1,,,
2025,ZF Friedrichshafen,Europe,Automotive,,1,,1,,,,
2025,Telefonica,Europe,Telecommunications and media,1,1,,,1,,,
2025,Tokyo Electric Power,Asia,Energy and utilities,,,,1,,,,
2025,Woolworths Group,Other,Retail,1,1,,,1,,,
2025,Vodafone Group,Europe,Telecommunications and media,1,1,,,,,,
2025,Uber Technologies,North America,Retail,,1,,,1,,,
2025,Quanta Computer,Asia,Technology,,1,,,,,,
2025,Fomento Económico Mexicano,Other,"Food, beverages and agriculture",,,,,,,,
2025,MS&AD Insurance Group Holdings,Asia,Financial services,,,,,,,,
2025,China National Building Material Group,Asia,Industrial goods,,,1,,,,,
2025,Sinomach,Asia,Industrial goods,,,1,,,,,
2025,DZ Bank,Europe,Financial services,,,,,1,,,
2025,Massachusetts Mutual Life Insurance,North America,Financial services,,,,,1,,,
2025,Dow,North America,Chemicals,,,,1,,,,
2025,ANZ Group Holdings,Other,Financial services,1,,,,1,,,
2025,Continental,Europe,Automotive,1,1,,1,,,,
2025,Commonwealth Bank of Australia,Other,Financial services,1,,,,1,,,
2025,Thermo Fisher Scientific,North America,Health care and pharmaceuticals,,1,,,-1,,,
2025,Magna International,North America,Automotive,,1,,,1,,,
2025,U.S. Bancorp,North America,Financial services,,,,,,,,
2025,Caixa Econômica Federal,Other,Financial services,,,1,,1,,,
2025,Fairfax Financial Holdings,North America,Financial services,,,,,,,,
2025,J. Sainsbury,Europe,Retail,,1,,,,,,
2025,Zijin Mining Group,Asia,Metals and mining,,,,1,1,,,
2025,World Kinect,North America,Energy and utilities,,,,,1,,,
2025,X5 Retail Group,Europe,Retail,,,,1,,,,
2025,Novo Nordisk,Europe,Health care and pharmaceuticals,1,,,,1,,,
2025,Olam Group,Asia,"Food, beverages and agriculture",,1,,,,,,
2025,Compass Group,Europe,Industrial goods,,1,,,1,,,
2025,Hyundai Mobis,Asia,Automotive,1,1,,,,,,
2025,Abbott Laboratories,North America,Health care and pharmaceuticals,,,,,,,,
2025,Standard Chartered,Europe,Financial services,1,,,,1,,,
2025,Shanghai Construction Group,Asia,Engineering and construction,,,1,,,,,
2025,Inditex,Europe,Retail,,1,,,,,,
2025,Best Buy,North America,Retail,,1,,,1,,,
2025,Northwestern Mutual,North America,Financial services,,,,,,,,
2025,Schneider Electric,Europe,Technology,1,1,,,1,,,
2025,KB Financial Group,Asia,Financial services,1,1,,,,,,
2025,Northrop Grumman,North America,Aerospace and defense,,,,,1,,,
2025,National Australia Bank,Other,Financial services,1,,,,1,,,
2025,Hanwha,Asia,Financial services,,,,,1,,,
2025,Molina Healthcare,North America,Health care and pharmaceuticals,,,,,,,,
2025,Lufthansa Group,Europe,Transportation and logistics,,1,,1,1,,,
2025,Dollar General,North America,Retail,,,,,1,,,
2025,LyondellBasell Industries,Europe,Chemicals,,,,,,,,
2025,China Minsheng Banking,Asia,Financial services,,,1,,,,,
2025,GSK,Europe,Health care and pharmaceuticals,1,1,,,1,,,
2025,Bank of New York (BNY),North America,Financial services,,,,,1,,,
2025,Haier Smart Home,Asia,Household and personal products,,,,,,,,
2025,Cenovus Energy,North America,Metals and mining,,,,,1,,,
2025,Coop Group,Europe,Retail,,,,,,,,
2025,S.F. Holding,Asia,Transportation and logistics,,1,,,1,,,
2025,Hangzhou Industrial Investment Group,Asia,Financial services,,,,,,,,
2025,Warner Bros. Discovery,North America,Telecommunications and media,,,,,1,,,
2025,CHS,North America,"Food, beverages and agriculture",,,,,,,,
2025,Enbridge,North America,Energy and utilities,,,,,1,,,
2025,Netflix,North America,Telecommunications and media,,1,,,1,,,
2025,Qualcomm,North America,Technology,,1,,,1,,,
2025,KDDI,Asia,Telecommunications and media,1,1,,,1,,,
2025,Shandong Hi-Speed Group,Asia,Transportation and logistics,,,1,,1,,,
2025,General Electric (GE Aerospace),North America,Aerospace and defense,,,,,1,,,
2025,Mercadona,Europe,Retail,,,,,,,,
2025,Honeywell International,North America,Industrial goods,,1,,1,1,,,
2025,Hangzhou Iron and Steel Group,Asia,Metals and mining,,,,,,,,
2025,Guangzhou Industrial Investment Holdings,Asia,Industrial goods,,,,,,,,
2025,Shanghai Pharmaceuticals Holding,Asia,Health care and pharmaceuticals,,,1,,,,,
2025,Suzuki Motor,Asia,Automotive,,,,1,1,,,
2025,Vale,Other,Metals and mining,,,,,1,,,
2025,ThyssenKrupp,Europe,Metals and mining,,1,,,,,,
2025,Salesforce,North America,Technology,,1,,,1,,,
2025,Philip Morris International,North America,Household and personal products,,1,,,1,,,
2025,US Foods Holding,North America,"Food, beverages and agriculture",,1,,,,,,
2025,Shenzhen Investment Holdings,Asia,Financial services,,,,,,,,
2025,Westpac Banking,Other,Financial services,,,,,1,,,
2025,Jiangsu Shagang Group,Asia,Metals and mining,,,1,,,,,
2025,AIA Group,Asia,Financial services,,1,,,,,,
2025,Guangdong Guangxin Holdings,Asia,Financial services,,,,,,,,
2025,QNB Group,Other,Financial services,,,,,,,,
2025,NatWest Group,Europe,Financial services,1,1,,,1,,,
2025,La Poste,Europe,Transportation and logistics,1,1,,,,,,
2025,Siemens Energy,Europe,Energy and utilities,,1,,1,,,,
2025,Luxshare Precision Industry,Asia,Technology,,1,,1,,,,
2025,Energie Baden-Wurttemberg,Europe,Energy and utilities,,1,,1,1,,,
2025,Suncor Energy,North America,Oil and gas,,,,,1,,,
2025,New Hope Holding Group,Asia,"Food, beverages and agriculture",,,,1,,,,
2025,China Electronics,Asia,Technology,,,,,,,,
2025,LG Chem,Asia,Chemicals,,,,,1,,,
2025,SAP,Europe,Technology,1,1,,,1,,,
2025,Migros Group,Europe,Retail,,1,,,1,,,
2025,Meiji Yasuda Life Insurance,Asia,Financial services,,,,,,,,
2025,D.R. Horton,North America,Engineering and construction,,,,,,,,
2025,OMV Group,Europe,Oil and gas,,,,,1,,,
2025,Lithia Motors,North America,Retail,,,,,1,,,
2025,CFE,Other,Energy and utilities,,,,,,,,
2025,Mondelez International,North America,"Food, beverages and agriculture",,1,,,,,,
2025,Schlumberger,North America,Oil and gas,,,,,,,,
2025,Ansteel Group,Asia,Metals and mining,,,,1,,,,
2025,Mitsubishi Electric,Asia,Technology,,1,,,,,,
2025,Jerónimo Martins,Europe,Retail,,1,,,1,,,
2025,Starbucks,North America,"Food, beverages and agriculture",1,1,,,-1,,,
2025,Hailiang Group,Asia,Financial services,,,,,,,,
2025,Mapfre Group,Europe,Financial services,,,,1,1,,,
2025,CK Hutchison Holdings,Asia,Retail,,,,,,,,
2025,ELO Group,Europe,Retail,,,,,,,,
2025,Visa,North America,Financial services,1,1,,,1,,,
2025,China Datang,Asia,Energy and utilities,,,1,,,,,
2025,CRRC Group,Asia,Industrial goods,,,,1,,,,
2025,Jardine Matheson,Asia,Automotive,,,,,,,,
2025,Sompo Holdings,Asia,Financial services,,,,,1,,,
2025,TongLing Nonferrous Metals Group,Asia,Metals and mining,,,1,,,,,
2025,CBRE Group,North America,Real estate,,1,,,1,,,
2025,Rabobank Group,Europe,Financial services,,,,,,,,
2025,Shudao Investment Group,Asia,Engineering and construction,,,,,,,,
2025,Guangzhou Municipal Construction Group,Asia,Engineering and construction,,,,,,,,
2025,Daiwa House Industry,Asia,Engineering and construction,,1,,,1,,,
2025,CRH,Europe,Industrial goods,,1,,,,,,
2025,Lennar,North America,Engineering and construction,,,,,,,,
2025,Guangzhou Pharmaceutical Holdings,Asia,Health care and pharmaceuticals,,,,,,,,
2025,Country Garden Holdings,Asia,Real estate,,,1,,,,,
2025,Pegatron,Asia,Technology,,1,,,,,,
2025,GE Vernova,North America,Energy and utilities,,,,,1,,,
2025,GS Caltex,Asia,Oil and gas,,,,1,,,,
2025,ICICI Bank,Asia,Financial services,,,,1,,,,
2025,Shandong Gold Group,Asia,Metals and mining,,,1,,,,,
2025,International Airlines Group,Europe,Transportation and logistics,,,,,1,,,
2025,Shanghai Delong Steel Group,Asia,Metals and mining,,,,,,,,
2025,PNC Financial Services Group,North America,Financial services,,,,,1,,,
2025,Perusahaan Listrik Negara,Asia,Energy and utilities,,,,,1,,,
2025,Emirates Group,Other,Transportation and logistics,,,,,,,,
2025,Beijing Jianlong Heavy Industry Group,Asia,Metals and mining,,,1,,,,,
2025,Cummins,North America,Industrial goods,,1,,,,,,
2025,China National Coal Group,Asia,Metals and mining,,,1,,,,,
2025,Air France-KLM Group,Europe,Transportation and logistics,,1,,,1,,,
2025,Sumitomo Life Insurance,Asia,Financial services,,,,,1,,,
2025,Paccar,North America,Engineering and construction,,1,,,,,,
2025,Metro,Europe,"Food, beverages and agriculture",,,,1,,,,
2025,BAE Systems,Europe,Aerospace and defense,,1,,,,,,
2025,Tongwei Group,Asia,Energy and utilities,1,,,1,1,,,
2025,Greenland Holding Group,Asia,Real estate,,,1,,,,,
2025,China National Aviation Fuel Group,Asia,Financial services,,,1,,-1,,,
2025,Amgen,North America,Health care and pharmaceuticals,,1,,1,,,,
2025,Hunan Iron & Steel Group,Asia,Metals and mining,,,1,,,,,
2025,St. James's Place,Europe,Financial services,,,,,1,,,
2025,PBF Energy,North America,Oil and gas,,,,,,,,
2025,British American Tobacco,Europe,Household and personal products,,1,,,,,,
2025,Linde,Europe,Chemicals,,1,,1,,,,
2025,Mitsubishi Heavy Industries,Asia,Industrial goods,,,,,,,,
2025,Guangxi Investment Group,Asia,Financial services,,,1,,,,,
2025,GuideWell Mutual Holding,North America,Health care and pharmaceuticals,,,,,,,,
2025,Mazda Motor,Asia,Automotive,,,,1,1,,,
2025,ABB,Europe,Industrial goods,1,1,,,,,,
2025,Magnit,Europe,Retail,,1,,,,,,
2025,CPC,Asia,Oil and gas,,,,,1,,,
2025,Ecopetrol,Other,Metals and mining,,,,,1,,,
2025,Wistron,Asia,Technology,,1,,,1,,,
2025,Medtronic,Europe,Health care and pharmaceuticals,,1,,,1,,,
2025,New China Life Insurance,Asia,Financial services,,,1,,,,,
2025,China General Technology,Asia,Financial services,,,1,,,,,
2025,Heineken,Europe,"Food, beverages and agriculture",1,1,,,1,,,
